,Date,Open,High,Low,Close,Volume,Volatility
0,2021-04-26,49066.76,50841.96,48753.44,50815.96,4584.953314,0.042564864686398626
1,2021-04-25,50047.84,50567.91,46930.0,49066.77,58255.645004,0.07268865149824655
2,2021-04-24,51110.56,51166.22,48657.14,50047.84,55361.512573,0.049091224983643336
3,2021-04-23,51690.95,52131.85,47500.0,51125.14,132230.780719,0.08960659457796769
4,2021-04-22,53787.62,55521.48,50500.0,51690.96,104656.631337,0.09335754212586471
5,2021-04-21,56425.0,56757.91,53536.02,53787.63,66984.756909,0.05710039875941527
6,2021-04-20,55633.14,57076.24,53329.96,56425.0,72744.482151,0.06733899974008296
7,2021-04-19,56150.01,57526.81,54221.58,55633.14,78229.042267,0.058864281591401245
8,2021-04-18,60006.67,60499.0,50931.3,56150.01,124882.131824,0.15944394181513483
9,2021-04-17,61334.81,62506.05,59580.91,60006.66,58912.256128,0.04769135177886749
10,2021-04-16,63158.74,63520.61,60000.0,61334.8,91764.139884,0.0557422456496124
11,2021-04-15,62959.53,63800.0,62020.0,63159.98,51649.70034,0.028272129731591072
12,2021-04-14,63575.01,64854.0,61301.0,62959.53,82616.343993,0.055886739144830645
13,2021-04-13,59860.01,63777.77,59805.15,63575.0,82848.688746,0.06636517434594473
14,2021-04-12,59998.8,61300.0,59350.59,59860.0,56375.037117,0.032490816482996385
15,2021-04-11,59769.13,60699.0,59232.52,60002.43,41156.715391,0.024535742782269096
16,2021-04-10,58142.55,61500.0,57900.01,59769.13,69906.424117,0.06191661700424212
17,2021-04-09,58077.52,58894.9,57654.0,58142.54,40831.884911,0.02136627046058443
18,2021-04-08,55953.44,58153.31,55700.0,58077.52,44283.147019,0.04384556159549793
19,2021-04-07,57990.03,58655.0,55473.0,55953.45,71228.405659,0.05487150118735928
20,2021-04-06,59129.99,59495.24,57413.02,57991.15,54201.000727,0.03521427958976488
21,2021-04-05,58202.01,59272.0,56777.77,59129.99,54258.01579,0.04285470553336566
22,2021-04-04,57051.95,58492.85,56388.0,58202.01,41314.081973,0.0368935680550796
23,2021-04-03,58950.01,59791.72,56880.0,57051.94,47409.852113,0.04939303657454852
24,2021-04-02,58720.45,60200.0,58428.57,58950.01,47382.418781,0.030167173446388786
25,2021-04-01,58739.46,59490.0,57935.45,58720.44,47415.61722,0.026465173496658004
26,2021-03-31,58746.57,59800.0,56769.0,58740.55,60975.542666,0.05159450160239142
27,2021-03-30,57635.46,59368.0,57071.35,58746.57,55122.443122,0.03984786449175562
28,2021-03-29,55777.65,58405.82,54800.01,57635.47,67857.937398,0.06464614410969263
29,2021-03-28,55817.14,56559.75,54691.84,55777.63,39050.387511,0.03346481027154031
30,2021-03-27,55025.59,56700.36,53950.0,55817.14,50105.475055,0.049983289593078434
31,2021-03-26,51293.78,55073.46,51214.6,55025.59,63813.774692,0.07523056401770352
32,2021-03-25,52303.66,53287.0,50427.56,51293.78,87400.534538,0.05466997911809617
33,2021-03-24,54342.8,57200.0,51700.0,52303.65,83537.465021,0.10120935984159815
34,2021-03-23,54083.25,55830.9,53000.0,54340.89,59789.365427,0.05234337803293999
35,2021-03-22,57351.56,58430.73,53650.0,54083.25,62581.626169,0.08335832538818479
36,2021-03-21,58100.02,58589.1,55450.11,57351.56,48564.470274,0.054027348011239894
37,2021-03-20,58030.01,59880.0,57820.17,58102.28,44476.941776,0.03549594425367154
38,2021-03-19,57641.0,59468.0,56270.74,58030.01,52392.652961,0.05546850332228799
39,2021-03-18,58912.97,60129.97,57023.0,57648.16,66580.406675,0.05273830193928435
40,2021-03-17,56900.74,58974.73,54123.69,58912.97,70421.620841,0.0852544272710689
41,2021-03-16,55605.2,56938.29,53271.34,56900.75,77986.694355,0.06594617050203946
42,2021-03-15,58976.08,60633.43,54600.0,55605.2,102771.427298,0.10230300148806093
43,2021-03-14,61188.38,61724.79,58966.78,58968.31,52601.05275,0.04507408105918154
44,2021-03-13,57221.72,61844.0,56078.23,61188.39,83245.091346,0.10076191348320178
45,2021-03-12,57773.15,58081.51,54962.84,57221.72,73405.406047,0.05398130446409804
46,2021-03-11,55851.59,58150.0,54272.82,57773.16,81914.812859,0.06941933076569531
47,2021-03-10,54874.67,57387.69,53005.0,55851.59,84749.238943,0.07986726845008822
48,2021-03-09,52375.18,54895.0,51789.41,54884.5,71656.737076,0.05929507068042528
49,2021-03-08,50959.11,52402.78,49274.67,52375.17,66987.359664,0.06138470628706036
50,2021-03-07,48882.2,51450.03,48882.2,50971.75,55235.028032,0.052530982648080524
51,2021-03-06,48746.81,49200.0,47070.0,48882.2,44399.234242,0.043695166924769026
52,2021-03-05,48374.09,49448.93,46300.0,48751.71,78192.496372,0.06509538474005404
53,2021-03-04,50349.37,51773.88,47500.0,48374.09,82649.716829,0.0848844781970459
54,2021-03-03,48436.61,52640.0,48100.71,50349.37,81035.913705,0.09371609615123769
55,2021-03-02,49595.76,50200.0,47047.6,48440.65,64221.06214,0.06356188512889008
56,2021-03-01,45134.11,49790.0,44950.53,49587.03,85086.111648,0.10722422575741498
57,2021-02-28,46103.67,46638.46,43000.0,45135.66,83055.369042,0.07891909689619067
58,2021-02-27,46276.88,48394.0,45000.0,46106.43,66060.834292,0.07334115869522752
59,2021-02-26,47073.73,48424.11,44106.78,46276.87,109423.200663,0.09171421087727702
60,2021-02-25,49676.21,52041.73,46674.34,47073.73,83310.673121,0.10804749396139533
61,2021-02-24,48891.0,51374.99,46988.69,49676.2,91881.209252,0.0897158986316499
62,2021-02-23,54087.67,54183.59,44892.56,48891.0,169375.025051,0.17177722760104103
63,2021-02-22,57412.35,57508.47,47622.0,54087.67,134019.434944,0.17220110307277095
64,2021-02-21,55841.19,58352.8,55477.59,57408.57,58166.708511,0.0514890531523416
65,2021-02-20,55906.0,57700.46,53863.93,55841.19,80948.205314,0.06862465567202088
66,2021-02-19,51552.61,56368.0,50710.2,55906.0,79659.77802,0.10974808065003892
67,2021-02-18,52117.67,52530.0,50901.9,51552.6,60758.046954,0.031238925301150234
68,2021-02-17,49133.45,52618.74,48947.0,52119.71,85743.637818,0.0747299446710947
69,2021-02-16,47911.1,50689.18,47003.62,49133.45,88813.266298,0.07692497145755363
70,2021-02-15,48580.47,49010.92,45570.79,47911.1,79398.156784,0.07081302424616306
71,2021-02-14,47156.78,49707.43,47014.17,48577.79,73735.475533,0.057112890235508064
72,2021-02-13,47298.15,48150.0,46202.53,47153.69,63768.097399,0.041174337685512034
73,2021-02-12,47968.66,48985.8,46125.0,47287.6,85870.035697,0.05963893925742355
74,2021-02-11,44807.58,48678.9,43994.02,47969.51,89561.081454,0.1045555238644891
75,2021-02-10,46420.42,47310.0,43727.0,44807.58,97154.1822,0.07718585915422567
76,2021-02-09,46374.86,48142.19,44961.09,46420.42,115499.861712,0.06859535532829654
77,2021-02-08,38795.69,46794.45,37988.89,46374.87,138597.536914,0.22697263536233012
78,2021-02-07,39181.01,39700.0,37351.0,38795.69,84363.679763,0.0599525127096009
79,2021-02-06,38289.32,40955.51,38215.94,39186.94,98757.311183,0.0715491943967665
80,2021-02-05,36936.65,38310.12,36570.0,38290.24,66681.334275,0.04711093182516559
81,2021-02-04,37620.26,38708.27,36161.95,36936.66,92080.735898,0.0676848060061254
82,2021-02-03,35472.71,37662.63,35362.38,37618.87,80784.333663,0.06484562357936566
83,2021-02-02,33517.09,35984.33,33418.0,35466.24,78056.65988,0.07656780466323306
84,2021-02-01,33092.97,34717.27,32296.16,33526.37,82718.276882,0.07316085561374507
85,2021-01-31,34262.89,34342.69,32171.67,33092.98,68742.280384,0.06336359834211312
86,2021-01-30,34246.28,34933.0,32825.0,34262.88,84889.68134,0.06155413084282439
87,2021-01-29,33368.18,38531.9,31915.4,34252.2,231827.005626,0.1982877100279368
88,2021-01-28,30362.19,33783.98,29842.1,33364.86,92621.145617,0.12982857955898455
89,2021-01-27,32464.01,32557.29,29241.72,30366.15,95911.961711,0.10213063635699964
90,2021-01-26,32254.19,32921.88,30837.37,32467.77,84972.20691,0.06462757241772304
91,2021-01-25,32259.45,34875.0,31910.0,32254.2,88499.226921,0.09191105242029855
92,2021-01-24,32078.0,33071.0,30900.0,32259.9,57978.037966,0.06767878296651911
93,2021-01-23,32950.0,33456.0,31390.16,32078.0,64595.287675,0.06269620637329287
94,2021-01-22,30851.99,33826.53,28850.0,32945.17,142971.684049,0.16130337135465164
95,2021-01-21,35468.23,35600.0,30071.0,30850.13,131803.182926,0.15588598585269126
96,2021-01-20,35901.94,36415.31,33400.0,35468.23,89368.422918,0.08398738341159273
97,2021-01-19,36622.46,37850.0,35844.06,35891.49,79611.307769,0.054773491458520326
98,2021-01-18,35824.99,37469.83,34800.0,36631.27,70698.11875,0.07452423573600445
99,2021-01-17,35994.98,36852.5,33850.0,35828.61,80157.727384,0.08341440945376272
100,2021-01-16,36737.43,37950.0,35357.8,35994.98,86348.431508,0.07056018888637548
101,2021-01-15,39145.21,39747.76,34408.0,36742.22,118300.920916,0.13640902680046937
102,2021-01-14,37371.38,40100.0,36701.23,39144.5,102950.389421,0.09094579862986052
103,2021-01-13,34049.15,37850.0,32380.0,37371.38,124477.914938,0.16065011901912382
104,2021-01-12,35410.37,36628.0,32531.0,34051.24,133948.151996,0.1157005702001984
105,2021-01-11,38150.02,38264.74,30420.0,35404.47,249131.539943,0.20562872575165095
106,2021-01-10,40088.22,41350.0,35111.11,38150.02,118209.544503,0.15562901021796427
107,2021-01-09,40586.96,41380.0,38720.0,40088.22,75785.979675,0.06553829111616145
108,2021-01-08,39432.48,41950.0,36500.0,40582.81,139789.957499,0.1382109367709056
109,2021-01-07,36769.36,40365.0,36300.0,39432.28,132825.700437,0.11055400474743102
110,2021-01-06,33949.53,36939.21,33288.0,36769.36,127139.20131,0.10754817518828683
111,2021-01-05,31989.75,34360.0,29900.0,33949.53,116049.997038,0.13941965785915802
112,2021-01-04,33000.05,33600.0,28130.0,31988.71,140899.88569,0.16575732461011422
113,2021-01-03,32176.45,34778.11,31962.99,33000.05,120957.56675,0.08749007426238752
114,2021-01-02,29331.7,33300.0,28946.53,32178.33,129993.873362,0.14842201440762046
115,2021-01-01,28923.63,29600.0,28624.57,29331.69,54182.925011,0.03372432851616482
116,2020-12-31,28875.55,29300.0,27850.0,28923.63,75508.505152,0.05021549373085534
117,2020-12-30,27385.0,28996.0,27320.0,28875.54,95356.057826,0.061201387620960376
118,2020-12-29,27079.42,27410.0,25880.0,27385.0,69411.592606,0.05650047157583139
119,2020-12-28,26281.54,27500.0,26101.0,27079.41,79721.742496,0.05323127944557282
120,2020-12-27,26493.4,28422.0,25700.0,26281.66,148455.586214,0.10274256984758467
121,2020-12-26,24712.47,26867.03,24500.0,26493.39,97806.513386,0.0957828173387767
122,2020-12-25,23728.99,24789.86,23433.6,24712.47,79519.943569,0.0571562464310534
123,2020-12-24,23232.39,23794.43,22703.42,23729.2,69013.834252,0.04696073025633618
124,2020-12-23,23810.79,24100.0,22600.0,23232.76,119047.259733,0.0629966498381616
125,2020-12-22,22719.88,23837.1,22353.4,23810.79,87033.12616,0.06530404209881377
126,2020-12-21,23455.54,24102.77,21815.0,22719.71,88030.297243,0.09753644554761905
127,2020-12-20,23821.6,24295.0,23060.0,23455.52,76690.145685,0.051843704872888474
128,2020-12-19,23107.39,24171.47,22750.0,23821.61,86045.064677,0.061515818099750826
129,2020-12-18,22797.15,23285.18,22350.0,23107.39,79646.134315,0.041021794390965545
130,2020-12-17,21335.52,23800.0,21230.0,22797.16,184882.476748,0.12045640321867009
131,2020-12-16,19426.43,21560.0,19278.6,21335.52,114306.33557,0.11743794407927763
132,2020-12-15,19273.69,19570.0,19050.0,19426.43,61834.366011,0.026979784358885095
133,2020-12-14,19174.99,19349.0,19000.0,19273.14,47257.201294,0.018200791760517213
134,2020-12-13,18808.69,19411.0,18711.12,19174.99,56560.821744,0.037210459633286584
135,2020-12-12,18036.53,18948.66,18020.7,18808.69,49519.978432,0.05144892060723427
136,2020-12-11,18254.81,18292.73,17572.33,18036.53,72610.724259,0.03946357151895844
137,2020-12-10,18541.29,18557.32,17911.12,18254.63,52890.675094,0.03485194395859192
138,2020-12-09,18324.11,18639.57,17650.0,18541.28,79585.553801,0.05400371423223282
139,2020-12-08,19166.9,19294.84,18200.0,18324.11,61626.947614,0.0571213915656679
140,2020-12-07,19358.67,19420.91,18902.88,19166.9,41372.296293,0.02675958627323049
141,2020-12-06,19147.66,19420.0,18857.0,19359.4,37043.091861,0.02940307066242037
142,2020-12-05,18650.51,19177.0,18500.0,19147.66,42922.748573,0.03629927546217235
143,2020-12-04,19422.34,19527.0,18565.31,18650.52,71283.6682,0.049514631089765636
144,2020-12-03,19204.08,19598.0,18867.2,19421.9,66689.391279,0.038054413437144566
145,2020-12-02,18764.96,19342.0,18330.0,19204.09,75911.013478,0.05393030414133577
146,2020-12-01,19695.87,19888.0,18001.12,18764.96,127698.762652,0.09580079478591202
147,2020-11-30,18185.0,19863.16,18184.99,19695.87,115463.466888,0.09228320043992291
148,2020-11-29,17719.84,18360.05,17517.0,18184.99,55329.016303,0.047576614687265754
149,2020-11-28,17139.53,17880.49,16865.56,17719.85,64910.69997,0.05921574278874627
150,2020-11-27,17149.47,17457.62,16438.08,17139.52,85297.024787,0.059450233739001684
151,2020-11-26,18718.83,18915.03,16188.0,17149.47,181005.246693,0.14568378472372465
152,2020-11-25,19160.0,19484.21,18500.27,18719.11,93266.576887,0.051353862212943566
153,2020-11-24,18368.01,19418.97,18018.0,19160.01,113581.509241,0.07627227990402886
154,2020-11-23,18413.88,18766.0,18000.0,18368.0,82961.506093,0.041599054626184157
155,2020-11-22,18703.8,18750.0,17610.86,18414.43,81645.737778,0.06090420128530028
156,2020-11-21,18655.66,18965.9,18308.58,18703.8,75577.458394,0.03523434710967072
157,2020-11-20,17802.81,18815.22,17740.04,18655.67,88423.018489,0.06039383670330696
158,2020-11-19,17777.75,18179.8,17335.65,17802.82,93009.561008,0.047483511692986896
159,2020-11-18,17659.38,18476.93,17214.45,17776.12,149019.788134,0.07149061858343835
160,2020-11-17,16713.08,17858.82,16538.0,17659.38,115221.403102,0.0790291197074387
161,2020-11-16,15957.0,16880.0,15864.0,16713.57,81300.675924,0.06367111612458483
162,2020-11-15,16069.56,16180.0,15774.72,15957.0,43596.841513,0.02522035450877315
163,2020-11-14,16320.04,16326.99,15670.0,16070.45,59116.347179,0.04025664152783938
164,2020-11-13,16291.85,16480.0,15952.35,16320.7,75691.881014,0.03238735932383367
165,2020-11-12,15684.25,16340.7,15440.64,16291.86,102196.356592,0.0573862314104915
166,2020-11-11,15297.21,15965.0,15272.68,15684.24,78469.746458,0.04525792611855363
167,2020-11-10,15328.41,15460.0,15072.46,15297.21,61681.919606,0.025282465696050724
168,2020-11-09,15475.1,15840.0,14805.54,15328.41,108976.334134,0.0668467408934352
169,2020-11-08,14818.3,15650.0,14703.88,15475.1,65547.178574,0.0638480797392414
170,2020-11-07,15579.93,15753.52,14344.22,14818.3,101431.206553,0.09045611886574594
171,2020-11-06,15590.02,15960.0,15166.0,15579.92,122618.197695,0.050930018050008914
172,2020-11-05,14144.01,15750.0,14093.56,15590.02,143741.522673,0.11711247376097729
173,2020-11-04,14023.53,14259.0,13525.0,14144.01,93016.988262,0.05234060183135059
174,2020-11-03,13549.63,14066.11,13284.99,14023.53,74115.630787,0.057648806646380814
175,2020-11-02,13761.49,13830.0,13195.05,13549.37,64566.421908,0.04613962586900116
176,2020-11-01,13791.0,13895.0,13603.0,13761.5,36285.648526,0.021173228917409904
177,2020-10-31,13560.1,14100.0,13411.5,13791.0,67339.238515,0.0507739618439392
178,2020-10-30,13455.69,13669.98,13115.0,13560.1,70657.778881,0.04124500490127222
179,2020-10-29,13266.4,13642.91,12920.77,13455.7,74872.602132,0.05443375746246151
180,2020-10-28,13636.16,13859.48,12888.0,13266.4,94440.561226,0.07124293056109635
181,2020-10-27,13052.15,13789.29,13019.87,13636.17,80796.553996,0.05894967495776558
182,2020-10-26,13029.64,13238.81,12765.0,13052.19,60951.672986,0.03636401312699349
183,2020-10-25,13111.73,13350.0,12888.0,13028.83,38481.579504,0.0352356248946554
184,2020-10-24,12923.06,13166.73,12870.0,13111.73,35952.20907,0.022961280068342915
185,2020-10-23,12968.84,13027.69,12720.08,12923.07,50386.999841,0.023719160695945093
186,2020-10-22,12780.75,13185.0,12678.08,12968.52,70038.824144,0.03966277409385209
187,2020-10-21,11910.0,13217.68,11886.95,12780.96,114584.456767,0.11173215785054573
188,2020-10-20,11751.46,12038.38,11677.59,11909.99,62134.750663,0.030701717063241426
189,2020-10-19,11503.14,11823.99,11407.96,11751.47,47414.534692,0.0361666466721261
190,2020-10-18,11360.31,11505.0,11346.22,11503.14,23284.041191,0.013976731268777055
191,2020-10-17,11319.24,11402.42,11255.0,11360.2,22368.915241,0.013023842590138567
192,2020-10-16,11505.13,11541.15,11200.0,11319.32,48797.749502,0.02965199002531911
193,2020-10-15,11417.89,11617.34,11250.83,11505.12,48760.717679,0.03209962611305594
194,2020-10-14,11420.57,11547.98,11280.0,11417.89,41415.106015,0.02346467820783022
195,2020-10-13,11528.24,11557.0,11300.0,11420.56,42205.283709,0.022293082031602397
196,2020-10-12,11369.02,11720.01,11172.0,11528.25,52825.28371,0.048202043799729456
197,2020-10-11,11293.22,11445.0,11221.0,11369.02,29043.851339,0.019834909795434785
198,2020-10-10,11050.64,11491.0,11050.51,11293.22,43648.036943,0.039861039722586186
199,2020-10-09,10925.44,11104.64,10829.0,11050.64,48240.073237,0.025229189854138544
200,2020-10-08,10666.4,10950.0,10530.41,10925.57,51959.691572,0.03933754593864848
201,2020-10-07,10599.65,10681.87,10546.17,10666.39,32811.990279,0.012802309510219746
202,2020-10-06,10792.2,10800.0,10525.0,10599.66,48674.740471,0.025481366171864864
203,2020-10-05,10666.62,10798.0,10615.64,10792.21,34025.761653,0.017096324796421036
204,2020-10-04,10542.07,10696.87,10517.87,10666.63,23212.001595,0.016979587500367575
205,2020-10-03,10570.4,10603.56,10496.46,10542.06,22298.221341,0.010132066903806893
206,2020-10-02,10619.13,10664.64,10374.0,10570.4,50130.393705,0.02736947377045007
207,2020-10-01,10776.59,10920.0,10437.0,10619.13,60866.332893,0.04481937236175822
208,2020-09-30,10840.58,10849.34,10665.13,10776.59,39596.027322,0.01699263323549118
209,2020-09-29,10696.11,10867.54,10635.87,10840.48,41874.898399,0.021659276129359185
210,2020-09-28,10774.26,10950.0,10626.0,10696.12,50095.251734,0.03007167081544347
211,2020-09-27,10728.59,10799.0,10594.82,10774.25,30549.483253,0.01903139182315666
212,2020-09-26,10686.57,10820.94,10644.68,10728.6,28420.836659,0.016493598975162303
213,2020-09-25,10736.33,10760.53,10556.24,10686.67,48101.117008,0.019027917360960486
214,2020-09-24,10241.46,10795.24,10190.93,10736.32,57676.619427,0.05900623543908774
215,2020-09-23,10529.61,10537.15,10136.82,10241.46,51876.568079,0.038019451812555255
216,2020-09-22,10417.22,10572.71,10353.0,10529.61,43991.235476,0.02109103964397403
217,2020-09-21,10920.28,10988.86,10296.35,10417.22,70683.431179,0.0634150406399836
218,2020-09-20,11080.64,11080.64,10723.0,10920.28,39157.922565,0.03227611401507489
219,2020-09-19,10933.4,11179.79,10887.37,11080.65,38440.036858,0.026745568624581564
220,2020-09-18,10940.0,11038.03,10812.84,10933.39,47266.728275,0.02058409506398542
221,2020-09-17,10954.01,11045.46,10745.83,10939.99,55601.614529,0.027353453210285476
222,2020-09-16,10785.23,11093.0,10661.22,10954.01,64991.51244,0.04003438035164764
223,2020-09-15,10671.77,10930.04,10606.48,10785.31,61822.452786,0.030319244136633502
224,2020-09-14,10332.84,10750.0,10212.34,10671.77,67059.291361,0.05203409711173306
225,2020-09-13,10440.67,10580.11,10200.0,10332.83,43837.609865,0.03640666738820407
226,2020-09-12,10387.89,10477.97,10269.25,10440.92,35379.153096,0.020092627087887855
227,2020-09-11,10336.86,10397.6,10200.0,10387.89,43830.254467,0.019116056520065122
228,2020-09-10,10219.29,10483.35,10070.83,10336.87,58253.75375,0.040366796519132
229,2020-09-09,10126.66,10343.0,9981.01,10219.2,49347.113776,0.0357462381476222
230,2020-09-08,10373.45,10438.0,9850.0,10126.65,73491.878418,0.05668316712376306
231,2020-09-07,10255.89,10410.75,9875.0,10373.44,62620.230676,0.05223827478648855
232,2020-09-06,10166.69,10347.14,9994.86,10256.2,56368.788815,0.034650412277742196
233,2020-09-05,10446.25,10565.68,9825.0,10166.69,90001.605568,0.0709039128873998
234,2020-09-04,10138.29,10627.05,9875.5,10446.25,92733.599113,0.07412985819107554
235,2020-09-03,11388.54,11462.6,9960.8,10140.85,121950.106015,0.13186940556032653
236,2020-09-02,11921.97,11954.57,11160.1,11388.54,87221.845602,0.06663915443504717
237,2020-09-01,11649.51,12050.85,11515.0,11921.97,78148.193668,0.04599764281931174
238,2020-08-31,11711.17,11800.77,11570.0,11649.51,55353.617744,0.019705119129856404
239,2020-08-30,11465.84,11719.0,11458.0,11711.16,43177.879054,0.02276326897985669
240,2020-08-29,11526.9,11580.02,11417.04,11465.84,32973.7992,0.014139100712246968
241,2020-08-28,11330.38,11542.65,11276.89,11526.91,45953.908365,0.023455523998312522
242,2020-08-27,11461.42,11592.2,11125.0,11330.38,63246.036383,0.040762837414561263
243,2020-08-26,11318.42,11539.32,11244.0,11461.43,53998.231231,0.026091981036222345
244,2020-08-25,11748.19,11767.85,11117.64,11318.42,69590.923272,0.05534554684593975
245,2020-08-24,11648.12,11824.9,11585.09,11748.2,46212.391867,0.020587871690882262
246,2020-08-23,11663.51,11718.07,11514.13,11648.13,37900.00469,0.01748530245183487
247,2020-08-22,11531.23,11686.0,11376.81,11662.96,43678.701646,0.026813271437652404
248,2020-08-21,11853.54,11878.0,11485.81,11531.34,64448.306142,0.0330863185175062
249,2020-08-20,11754.38,11888.0,11668.0,11853.55,46085.254351,0.0187164274083363
250,2020-08-19,11945.1,12020.08,11561.0,11754.59,73940.169606,0.03843249533281429
251,2020-08-18,12281.15,12387.77,11817.93,11945.01,75923.835527,0.04639956355878726
252,2020-08-17,11910.99,12468.0,11769.78,12281.13,84734.21154,0.05861981245891394
253,2020-08-16,11852.4,11931.72,11686.0,11911.0,41368.236906,0.020731666160440025
254,2020-08-15,11760.55,11980.0,11680.0,11852.4,56237.90505,0.025509011058156294
255,2020-08-14,11779.77,11850.0,11634.03,11760.54,59818.852697,0.018333974262655327
256,2020-08-13,11564.34,11792.96,11270.36,11780.0,70132.491502,0.045190646418213104
257,2020-08-12,11392.09,11617.52,11150.0,11564.33,64909.613644,0.041039001623056036
258,2020-08-11,11892.9,11935.0,11125.0,11392.08,90748.284634,0.06810786267436875
259,2020-08-10,11681.69,12067.35,11450.0,11892.92,84952.337887,0.05284766159690938
260,2020-08-09,11761.02,11797.11,11521.97,11681.68,41493.067342,0.023394229412074908
261,2020-08-08,11594.36,11808.27,11512.0,11761.41,41858.16104,0.025552941257645994
262,2020-08-07,11762.47,11909.94,11322.0,11594.23,65755.926022,0.049984399535131695
263,2020-08-06,11744.91,11900.0,11562.5,11762.46,63529.08502,0.02873585238201059
264,2020-08-05,11191.99,11780.93,11093.0,11744.91,74970.256852,0.061466280795461785
265,2020-08-04,11219.68,11414.98,11000.0,11191.97,58629.113709,0.03698679463228894
266,2020-08-03,11071.36,11473.0,10936.0,11219.81,56931.841475,0.04850352621538817
267,2020-08-02,11801.17,12123.46,10518.5,11071.35,97553.077604,0.13600007456887742
268,2020-08-01,11335.46,11861.0,11220.0,11801.17,85087.485126,0.05654821242366874
269,2020-07-31,11099.79,11444.0,10960.0,11335.46,70063.660974,0.043604428552251884
270,2020-07-30,11100.52,11170.0,10831.0,11099.61,60794.826456,0.030539109879537174
271,2020-07-29,10906.27,11342.82,10812.0,11100.53,76838.094233,0.04867108553153367
272,2020-07-28,11029.96,11242.23,10565.0,10906.27,97267.734187,0.061399134720343466
273,2020-07-27,9931.54,11394.86,9917.21,11029.96,150188.933144,0.14878357233621387
274,2020-07-26,9700.42,10111.0,9650.0,9931.54,65279.269319,0.047523715467990044
275,2020-07-25,9538.1,9732.9,9513.0,9700.42,40679.545416,0.02305490611337684
276,2020-07-24,9603.27,9637.0,9463.44,9537.8,43931.136205,0.01807301054744889
277,2020-07-23,9518.16,9664.0,9440.33,9603.27,51856.2335,0.02349928977869673
278,2020-07-22,9390.0,9544.0,9261.0,9518.16,48815.004107,0.030138445154419595
279,2020-07-21,9160.78,9437.73,9152.8,9390.0,60413.582486,0.03110324666676858
280,2020-07-20,9208.99,9221.52,9131.0,9160.78,35458.764082,0.009829525279102316
281,2020-07-19,9170.3,9232.27,9101.35,9208.99,26052.019417,0.014276523123561943
282,2020-07-18,9154.31,9219.3,9121.1,9170.28,22554.541457,0.010727187521506145
283,2020-07-17,9133.72,9186.83,9089.81,9154.32,28054.358741,0.010622178039177952
284,2020-07-16,9197.6,9226.15,9047.25,9133.72,43375.571191,0.019450726276419895
285,2020-07-15,9255.85,9276.49,9160.57,9197.6,39053.579665,0.01252397132624233
286,2020-07-14,9242.61,9279.54,9113.0,9255.85,45772.552509,0.0180187198204837
287,2020-07-13,9303.31,9343.82,9200.89,9242.62,42740.069115,0.015363349173573739
288,2020-07-12,9234.02,9345.0,9157.5,9302.75,30872.702286,0.02030534913288037
289,2020-07-11,9288.34,9299.28,9178.25,9234.03,22561.366,0.01303031542772989
290,2020-07-10,9232.42,9317.48,9125.0,9288.34,38295.494006,0.02084827163408939
291,2020-07-09,9436.06,9440.79,9160.0,9232.43,48044.450645,0.02975712320608399
292,2020-07-08,9257.4,9470.0,9231.0,9436.06,56140.517781,0.025817184090565385
293,2020-07-07,9342.47,9379.42,9203.0,9257.39,34587.336678,0.018883657105669065
294,2020-07-06,9069.41,9375.0,9055.92,9344.2,54463.132277,0.035182001916331924
295,2020-07-05,9135.0,9145.24,8893.03,9069.41,34073.653627,0.027609195402298756
296,2020-07-04,9057.79,9190.0,9040.04,9135.46,26441.968484,0.016555914853402333
297,2020-07-03,9086.54,9125.0,9037.47,9058.26,28943.420177,0.009632929585959083
298,2020-07-02,9231.99,9261.96,8940.0,9086.54,45725.168076,0.034874387862205126
299,2020-07-01,9138.08,9292.0,9080.1,9232.0,38488.528699,0.023188678584560394
300,2020-06-30,9192.93,9205.0,9064.89,9138.55,31463.162801,0.01524106024956141
301,2020-06-29,9116.16,9238.0,9024.67,9192.56,42120.293261,0.02340130054759898
302,2020-06-28,9012.0,9191.0,8948.06,9116.35,30688.176421,0.026957390146471426
303,2020-06-27,9162.21,9196.24,8833.0,9012.0,46290.930113,0.039645456718411805
304,2020-06-26,9249.49,9298.0,9045.45,9162.21,50292.298277,0.027304208123907294
305,2020-06-25,9298.33,9340.0,9009.69,9249.49,55831.619156,0.03552358326710275
306,2020-06-24,9624.33,9670.0,9208.0,9296.49,61571.561464,0.048003341531306594
307,2020-06-23,9685.69,9720.0,9577.03,9624.89,41031.02938,0.014760951465512456
308,2020-06-22,9294.69,9780.0,9277.09,9685.69,57895.468343,0.05410723757328107
309,2020-06-21,9358.95,9422.0,9281.54,9294.69,24316.926234,0.015008093856682546
310,2020-06-20,9310.23,9395.0,9170.95,9358.95,30329.065384,0.02406492643038886
311,2020-06-19,9386.32,9438.3,9215.79,9310.23,45330.983673,0.02370577606559316
312,2020-06-18,9465.13,9489.0,9280.0,9386.32,37381.953765,0.022081049071697906
313,2020-06-17,9526.97,9565.0,9236.61,9465.14,48046.411152,0.03446951129267747
314,2020-06-16,9426.05,9589.0,9373.09,9525.59,52052.446927,0.02290567098625616
315,2020-06-15,9342.1,9495.0,8910.45,9426.02,86107.924707,0.0625715845473715
316,2020-06-14,9473.34,9480.99,9245.0,9342.1,30055.506608,0.02491096065379262
317,2020-06-13,9464.96,9494.73,9351.0,9473.34,27759.784851,0.015185484143620214
318,2020-06-12,9278.88,9557.12,9232.51,9465.13,50119.066932,0.034983748038556445
319,2020-06-11,9885.22,9964.0,9113.0,9280.4,94418.98473,0.08608811943487349
320,2020-06-10,9772.44,9992.72,9704.18,9885.0,47130.762982,0.02952589117968481
321,2020-06-09,9782.0,9877.0,9570.0,9772.43,46024.001289,0.03138417501533429
322,2020-06-08,9746.99,9800.0,9633.0,9782.01,40664.664125,0.017133494545495585
323,2020-06-07,9666.85,9802.0,9372.46,9746.99,57952.848385,0.044434329693747276
324,2020-06-06,9621.17,9735.0,9531.05,9666.3,32752.950893,0.021198045559947566
325,2020-06-05,9788.14,9854.75,9581.0,9621.16,47788.05005,0.02796751987609495
326,2020-06-04,9666.32,9881.63,9450.0,9789.06,57456.100969,0.04465298065861664
327,2020-06-03,9518.02,9690.0,9365.21,9666.24,46252.644939,0.03412369379345713
328,2020-06-02,10202.71,10228.99,9266.0,9518.04,108970.773151,0.09438570732677885
329,2020-06-01,9448.27,10380.0,9421.67,10200.77,76649.12696,0.1014291505217357
330,2020-05-31,9697.72,9700.0,9381.41,9448.27,48333.786403,0.03285205182249025
331,2020-05-30,9426.6,9740.0,9331.23,9697.72,55665.27254,0.04336346084484336
332,2020-05-29,9575.87,9605.26,9330.0,9427.07,57374.362961,0.028745168846277175
333,2020-05-28,9204.07,9625.47,9110.0,9575.89,74110.787662,0.05600457189047882
334,2020-05-27,8841.0,9225.0,8811.73,9204.07,68910.355514,0.046744712136636175
335,2020-05-26,8900.35,9017.67,8700.0,8841.18,58299.770138,0.035691854814698304
336,2020-05-25,8718.14,8979.66,8642.72,8900.35,62833.910949,0.03864815201407646
337,2020-05-24,9179.01,9298.0,8700.0,8720.34,70379.86645,0.0651486380339492
338,2020-05-23,9170.0,9307.85,9070.0,9179.15,43526.296966,0.02593784078516907
339,2020-05-22,9067.51,9271.0,8933.52,9170.0,58943.131024,0.03721859694668101
340,2020-05-21,9511.43,9578.47,8815.0,9068.65,108928.780969,0.0802686872531259
341,2020-05-20,9775.13,9842.0,9326.0,9511.43,74923.73809,0.05278702175827841
342,2020-05-19,9733.93,9897.21,9474.0,9775.53,78539.760454,0.04347781420248544
343,2020-05-18,9681.11,9950.0,9464.23,9733.93,82006.603583,0.05017709746093169
344,2020-05-17,9380.81,9888.0,9322.1,9680.04,68647.764323,0.06032528107913918
345,2020-05-16,9315.96,9588.0,9220.0,9381.27,59587.627862,0.03950210176943654
346,2020-05-15,9791.97,9845.62,9150.0,9316.42,115890.761516,0.07103984182958085
347,2020-05-14,9309.35,9939.0,9256.76,9791.98,129565.37747,0.07328546031677827
348,2020-05-13,8810.99,9398.0,8792.99,9309.37,92466.274018,0.06866538266415013
349,2020-05-12,8562.04,8978.26,8528.78,8810.79,86522.780066,0.052496834866457
350,2020-05-11,8722.77,9168.0,8200.0,8561.52,168807.251832,0.11097392227469026
351,2020-05-10,9539.1,9574.83,8117.0,8722.77,183865.182028,0.15282678659412313
352,2020-05-09,9800.02,9914.25,9520.0,9539.4,81950.679567,0.04022950973569441
353,2020-05-08,9986.3,10035.96,9705.0,9800.01,100683.7964,0.033141403723100565
354,2020-05-07,9143.4,10067.0,9021.0,9986.4,147154.611378,0.11439945753220902
355,2020-05-06,9021.36,9395.0,8906.21,9142.92,105925.30242,0.05418140945489381
356,2020-05-05,8871.92,9118.58,8760.0,9021.83,76480.765342,0.04041740682963777
357,2020-05-04,8894.15,8950.0,8522.0,8871.96,84418.512331,0.04812151807648848
358,2020-05-03,8972.58,9200.0,8712.0,8894.16,90126.065643,0.0543879240976397
359,2020-05-02,8825.67,9010.0,8753.0,8972.05,59002.08755,0.029119602251160535
360,2020-05-01,8620.0,9059.18,8613.56,8826.96,91468.815059,0.05169605568445485
361,2020-04-30,8778.58,9460.0,8401.0,8620.0,206277.214124,0.12063454453909403
362,2020-04-29,7738.58,8952.89,7710.05,8778.57,183546.887514,0.1606031080637532
363,2020-04-28,7773.51,7780.0,7659.12,7738.98,46302.752638,0.01555024692835027
364,2020-04-27,7693.1,7792.02,7606.0,7774.62,65441.339576,0.024180109448726835
365,2020-04-26,7539.03,7700.0,7480.0,7693.1,50522.616209,0.029181472948111364
366,2020-04-25,7505.0,7705.0,7431.07,7538.67,43874.427726,0.03649966688874088
367,2020-04-24,7483.96,7615.96,7388.0,7505.0,60182.119939,0.030459810047087376
368,2020-04-23,7125.12,7738.0,7020.0,7482.39,102773.569561,0.10077023264169586
369,2020-04-22,6841.36,7156.38,6818.0,7125.14,61486.377334,0.04946092589777473
370,2020-04-21,6828.98,6940.0,6762.0,6841.37,60109.710808,0.026065386045939512
371,2020-04-20,7121.4,7220.0,6751.0,6826.83,90149.49137,0.0658578369421743
372,2020-04-19,7248.6,7266.15,7055.6,7120.74,45664.86393,0.029046988383963697
373,2020-04-18,7026.78,7293.08,7014.4,7248.6,49488.542819,0.039659701883366254
374,2020-04-17,7101.99,7148.12,6972.98,7027.55,54126.509763,0.024660693692894572
375,2020-04-16,6621.25,7190.0,6468.27,7101.94,125009.857539,0.1090020766471587
376,2020-04-15,6868.57,6933.0,6605.0,6621.24,61571.384994,0.04775375369254445
377,2020-04-14,6838.04,6978.0,6754.28,6868.7,69068.623285,0.03271697737948305
378,2020-04-13,6903.79,6903.79,6575.0,6837.91,96415.476573,0.04762456563713554
379,2020-04-12,6876.84,7177.0,6780.0,6903.79,73868.666501,0.0577300038971388
380,2020-04-11,6858.92,6944.3,6760.0,6876.83,45470.293206,0.026870119494031158
381,2020-04-10,7283.54,7295.75,6739.98,6858.92,104674.623375,0.07630492864733364
382,2020-04-09,7360.26,7371.92,7108.08,7283.54,61094.872417,0.03584655976826907
383,2020-04-08,7197.32,7420.0,7150.0,7361.28,76059.145838,0.037513963530869825
384,2020-04-07,7329.9,7459.69,7077.0,7197.32,103585.168918,0.05220944351218974
385,2020-04-06,6772.78,7355.14,6765.0,7329.9,118052.000832,0.08713408674133817
386,2020-04-05,6857.41,6895.54,6677.52,6772.78,49685.356983,0.03179334471761198
387,2020-04-04,6732.97,6990.41,6650.01,6856.99,72990.861139,0.050557183531190486
388,2020-04-03,6793.86,7048.0,6602.1,6734.1,104080.276939,0.06563279196215402
389,2020-04-02,6643.36,7198.0,6551.0,6794.09,149299.906871,0.09739047710796947
390,2020-04-01,6412.14,6679.94,6150.11,6642.92,97500.7524,0.0826292002358027
391,2020-03-31,6394.45,6523.23,6321.4,6410.44,72337.595259,0.031563308806855934
392,2020-03-30,5880.5,6599.0,5857.76,6394.38,118889.549992,0.1260505059093614
393,2020-03-29,6236.65,6266.0,5866.56,5881.42,63311.627714,0.06404720482951579
394,2020-03-28,6359.11,6360.0,6024.0,6236.65,93159.693429,0.052837582617693356
395,2020-03-27,6737.27,6842.59,6261.0,6359.11,82914.968354,0.08632428268423264
396,2020-03-26,6677.42,6780.0,6510.0,6737.36,83026.555211,0.04043477870195375
397,2020-03-25,6744.69,6957.96,6450.0,6677.43,132155.734989,0.07531257922899348
398,2020-03-24,6465.25,6833.0,6371.33,6744.72,151138.009878,0.07140791152700979
399,2020-03-23,5816.05,6600.0,5688.0,6467.31,164674.215785,0.15680745523164347
400,2020-03-22,6187.04,6407.87,5734.01,5816.19,119115.990527,0.10891476376425556
401,2020-03-21,6204.57,6456.98,5860.02,6186.98,128913.668363,0.09621295271066313
402,2020-03-20,6162.05,6900.0,5670.0,6208.36,219298.329514,0.19960889639000007
403,2020-03-19,5393.26,6400.0,5252.53,6162.37,199020.873439,0.2127600004449999
404,2020-03-18,5312.64,5436.17,5009.37,5393.04,137127.634894,0.08033670642091317
405,2020-03-17,5028.86,5525.0,4921.45,5312.64,150089.926318,0.12001726037312636
406,2020-03-16,5360.33,5365.42,4442.12,5028.97,227276.92276,0.17224685793598532
407,2020-03-15,5172.48,5940.0,5093.1,5361.3,139916.146534,0.16373190423162579
408,2020-03-14,5576.05,5640.52,5055.13,5172.06,136910.135974,0.10498291801544109
409,2020-03-13,4800.01,5955.0,3782.13,5578.6,402201.673764,0.45268030691602723
410,2020-03-12,7934.58,7966.17,4410.0,4800.0,261505.608653,0.44818629341439625
411,2020-03-11,7894.57,7980.0,7590.0,7934.52,79942.411172,0.04940104400873005
412,2020-03-10,7929.87,8149.0,7728.01,7894.56,86783.443875,0.05308914269716903
413,2020-03-09,8034.76,8179.31,7632.01,7929.87,116968.863268,0.06811653366124193
414,2020-03-08,8885.25,8886.76,8000.0,8033.31,77537.315166,0.09980135618018629
415,2020-03-07,9130.89,9188.0,8835.0,8886.66,45422.204525,0.03865997728589437
416,2020-03-06,9054.64,9170.0,8985.5,9131.88,43782.948044,0.020376293259588455
417,2020-03-05,8750.99,9159.42,8746.54,9054.68,58201.866355,0.0471809475270797
418,2020-03-04,8760.07,8848.29,8660.0,8750.87,38696.482578,0.021494120480772514
419,2020-03-03,8911.18,8919.65,8651.0,8760.07,55154.997282,0.030147522550324383
420,2020-03-02,8530.3,8965.75,8498.0,8915.24,60401.31773,0.05483394487884365
421,2020-03-01,8523.61,8750.0,8411.0,8531.88,43892.201779,0.039771880693743614
422,2020-02-29,8690.8,8790.0,8523.55,8523.61,36748.183035,0.030658857642564638
423,2020-02-28,8823.25,8900.0,8445.0,8692.91,71155.208977,0.051568299662822656
424,2020-02-27,8786.0,8971.77,8531.0,8823.21,72483.578762,0.050167311632142095
425,2020-02-26,9316.48,9377.44,8633.63,8785.25,92130.345482,0.07983809335714791
426,2020-02-25,9655.52,9675.0,9250.0,9315.84,54379.344552,0.044016272557045086
427,2020-02-24,9936.4,9990.0,9473.56,9656.13,55796.59612,0.05197455819008902
428,2020-02-23,9650.85,9990.0,9645.0,9936.4,37702.089843,0.03574814653631545
429,2020-02-22,9677.05,9709.17,9560.02,9650.86,24636.757623,0.015412754920146083
430,2020-02-21,9597.21,9755.51,9550.21,9677.05,42181.554524,0.021391633610184743
431,2020-02-20,9594.65,9699.0,9400.0,9596.42,60152.342914,0.03116320032518122
432,2020-02-19,10164.78,10250.0,9350.0,9593.79,55162.586895,0.0885410210550548
433,2020-02-18,9706.0,10250.0,9576.01,10164.71,70604.124019,0.06944055223573045
434,2020-02-17,9910.7,9964.16,9452.67,9706.0,70261.011901,0.05160987619441611
435,2020-02-16,9904.46,10050.0,9638.12,9917.27,60023.999537,0.04158530601365438
436,2020-02-15,10344.36,10375.0,9801.0,9904.72,57657.202947,0.055489174777366604
437,2020-02-14,10227.78,10381.56,10111.37,10344.36,47038.480173,0.026417267481310576
438,2020-02-13,10325.33,10500.0,10080.0,10229.63,79344.358759,0.04067666602423361
439,2020-02-12,10223.08,10450.0,10223.08,10326.46,61008.06393,0.022196833048357255
440,2020-02-11,9851.74,10323.59,9700.0,10223.08,62422.395224,0.06329744796350698
441,2020-02-10,10151.72,10188.0,9756.0,9851.83,59573.084619,0.04255436517161624
442,2020-02-09,9895.04,10166.0,9880.75,10151.75,43408.475616,0.02882757421900265
443,2020-02-08,9813.87,9940.0,9667.11,9895.05,43600.843666,0.027806563567685266
444,2020-02-07,9772.0,9885.0,9730.0,9813.73,43966.114632,0.015861645517805976
445,2020-02-06,9612.03,9862.57,9526.35,9772.0,64949.706588,0.03497908350265234
446,2020-02-05,9197.02,9744.45,9177.22,9612.04,64870.415615,0.06167541225309952
447,2020-02-04,9291.35,9350.0,9093.01,9197.02,53308.175266,0.027659059232511937
448,2020-02-03,9331.59,9618.79,9234.0,9292.24,50892.133451,0.04123520214668678
449,2020-02-02,9384.41,9477.03,9120.0,9331.51,45690.91254,0.038045012952332716
450,2020-02-01,9351.71,9464.53,9281.0,9384.61,28578.067354,0.01962528778159296
451,2020-01-31,9511.52,9530.22,9210.01,9352.89,45552.022352,0.03366549195081324
452,2020-01-30,9301.57,9578.0,9204.44,9513.21,60626.744259,0.04016096207414442
453,2020-01-29,9375.34,9449.24,9216.0,9301.53,53864.065122,0.024878031090072444
454,2020-01-28,8907.57,9400.0,8862.4,9374.21,74584.853765,0.06035316028950661
455,2020-01-27,8614.39,9000.0,8535.0,8907.57,53973.542996,0.05397944601997356
456,2020-01-26,8340.01,8618.13,8293.66,8615.0,31130.485164,0.038905229130420625
457,2020-01-25,8438.99,8451.26,8254.9,8340.58,25521.157932,0.02326818730677493
458,2020-01-24,8404.52,8528.02,8238.0,8439.0,41687.529529,0.03450762208906641
459,2020-01-23,8682.77,8691.81,8306.39,8404.52,48165.944597,0.044389060173193585
460,2020-01-22,8736.04,8818.0,8590.0,8682.36,29080.557138,0.02609878159898535
461,2020-01-21,8642.35,8789.0,8488.0,8736.03,36494.687659,0.034828489936186334
462,2020-01-20,8701.72,8746.99,8521.28,8642.35,38896.639746,0.02593855007975425
463,2020-01-19,8915.09,9198.98,8466.0,8701.7,70676.889259,0.08221790245527522
464,2020-01-18,8913.27,8988.88,8806.38,8915.96,38294.746545,0.02047508938919162
465,2020-01-17,8720.15,9041.65,8672.44,8913.28,70897.737377,0.04233986800685758
466,2020-01-16,8820.01,8859.81,8586.0,8720.01,51991.074284,0.031044182489588956
467,2020-01-15,8814.64,8916.48,8564.0,8821.41,84816.297606,0.03998801993047925
468,2020-01-14,8110.34,8880.0,8105.54,8810.01,120399.126742,0.09549044799601497
469,2020-01-13,8184.97,8196.0,8055.89,8110.34,31159.755683,0.017117961336449574
470,2020-01-12,8020.01,8197.0,7960.0,8184.98,38131.494336,0.02955108534777388
471,2020-01-11,8198.86,8286.34,8003.16,8020.01,54810.032667,0.03453894809766239
472,2020-01-10,7817.74,8199.0,7672.0,8197.02,82406.777448,0.06741078623745482
473,2020-01-09,8054.72,8055.96,7750.0,7817.76,64239.51983,0.03798518135950102
474,2020-01-08,8145.92,8455.0,7870.0,8055.98,112622.64264,0.07181509270898806
475,2020-01-07,7758.9,8207.68,7723.71,8145.28,91171.684661,0.06237611001559503
476,2020-01-06,7357.64,7795.34,7346.76,7758.0,54635.695316,0.060967919061003246
477,2020-01-05,7354.19,7495.0,7318.0,7358.75,38331.085604,0.02406791230577399
478,2020-01-04,7345.0,7404.0,7272.21,7354.11,29987.974977,0.017942818243703196
479,2020-01-03,6965.49,7405.0,6871.04,7344.96,68428.500451,0.07665792356316642
480,2020-01-02,7200.77,7212.5,6924.74,6965.71,31951.483932,0.039962392910758184
481,2020-01-01,7195.24,7255.0,7175.15,7200.85,16792.388165,0.01109761453405312
482,2019-12-31,7246.0,7320.0,7145.01,7195.23,25954.453533,0.024149875793541234
483,2019-12-30,7388.43,7408.24,7220.0,7246.0,29605.911782,0.025477672523120578
484,2019-12-29,7315.36,7528.45,7288.0,7388.24,31387.106085,0.03286919577437061
485,2019-12-28,7254.77,7365.01,7238.67,7316.14,26848.982199,0.017414749192600196
486,2019-12-27,7202.0,7275.86,7076.42,7254.74,33642.701861,0.027692307692307638
487,2019-12-26,7205.01,7435.0,7157.12,7202.0,36259.761076,0.03856760781733823
488,2019-12-25,7255.77,7271.77,7128.86,7204.63,27492.044323,0.019696048799782897
489,2019-12-24,7317.3,7436.68,7157.04,7255.77,43629.494188,0.03821628196192589
490,2019-12-23,7500.71,7695.38,7265.84,7317.09,68051.997203,0.057266578763877016
491,2019-12-22,7131.59,7518.54,7122.47,7501.44,39137.45515,0.05553740470217717
492,2019-12-21,7188.01,7190.58,7105.0,7132.75,19467.174028,0.011905937804760973
493,2019-12-20,7151.31,7220.0,7079.5,7187.83,32132.069205,0.01964675003600739
494,2019-12-19,7277.83,7380.0,7038.31,7150.3,55509.049075,0.046949434103297216
495,2019-12-18,6623.84,7440.0,6435.0,7277.83,95636.651251,0.1517246793400807
496,2019-12-17,6891.44,6942.21,6560.0,6623.82,53865.069929,0.05546155810686882
497,2019-12-16,7119.6,7150.0,6836.0,6891.72,43863.993059,0.04410360132591718
498,2019-12-15,7064.14,7200.3,7008.35,7118.59,26395.778137,0.027172451282109333
499,2019-12-14,7257.37,7271.77,7012.0,7064.05,29561.985967,0.035793958417443296
500,2019-12-13,7197.76,7309.05,7190.76,7258.48,27609.873795,0.016434279553638905
501,2019-12-12,7210.0,7295.0,7080.3,7198.08,42288.600932,0.0297780859916782
502,2019-12-11,7224.15,7275.5,7125.66,7210.0,30093.091944,0.020741540527259284
503,2019-12-10,7338.64,7407.6,7157.1,7224.13,49723.76214,0.03413439002321956
504,2019-12-09,7510.11,7650.0,7273.0,7338.64,46621.887493,0.050198998416800825
505,2019-12-08,7487.31,7564.0,7374.86,7510.11,29856.897631,0.02526140897064504
506,2019-12-07,7527.8,7619.62,7470.16,7488.21,31498.684173,0.019854406333855844
507,2019-12-06,7389.0,7590.03,7305.0,7527.47,48189.087944,0.03857490864799022
508,2019-12-05,7194.59,7485.0,7150.0,7389.0,59306.678855,0.046562764521675314
509,2019-12-04,7292.71,7750.0,7067.0,7194.32,83147.149142,0.09365517071157362
510,2019-12-03,7294.42,7400.0,7241.35,7292.71,33149.477487,0.021749501673882177
511,2019-12-02,7391.5,7420.56,7151.1,7294.28,46330.25604,0.03645538794561321
512,2019-12-01,7540.63,7541.85,7210.0,7390.89,60769.342313,0.04400825925685259
513,2019-11-30,7740.99,7810.0,7441.0,7541.89,46989.433619,0.047668321493762426
514,2019-11-29,7418.52,7850.0,7362.3,7739.68,60745.300873,0.06574087553851708
515,2019-11-28,7507.9,7643.0,7360.0,7419.49,56933.981109,0.03769362937705617
516,2019-11-27,7154.75,7655.0,6840.0,7508.52,92452.87349,0.11391033928509033
517,2019-11-26,7109.99,7340.0,7017.48,7156.14,65722.39769,0.045361526528166767
518,2019-11-25,6900.23,7377.69,6515.0,7109.57,119645.735197,0.1250233687862578
519,2019-11-24,7311.1,7330.39,6861.0,6903.28,67890.206483,0.06420237720726024
520,2019-11-23,7268.23,7344.48,7080.01,7311.57,50449.894755,0.03638712588897151
521,2019-11-22,7627.79,7750.0,6790.0,7268.23,126603.140259,0.12585558857808093
522,2019-11-21,8098.56,8134.73,7500.0,7627.74,58418.780261,0.07837566184605653
523,2019-11-20,8133.83,8264.29,8038.4,8098.01,32466.23098,0.027771664763094537
524,2019-11-19,8186.5,8218.63,8003.0,8133.64,43556.061025,0.026339705612899188
525,2019-11-18,8502.87,8503.52,8060.0,8187.17,43017.69094,0.05216121144978112
526,2019-11-17,8490.74,8635.0,8350.68,8502.4,27009.037082,0.03348589168906358
527,2019-11-16,8471.62,8543.0,8400.0,8491.02,20902.299752,0.01687988838026257
528,2019-11-15,8646.38,8790.0,8400.0,8471.73,46087.417751,0.045105581757914875
529,2019-11-14,8777.54,8800.0,8582.6,8646.68,33468.468961,0.024767759531713854
530,2019-11-13,8821.91,8844.99,8702.0,8777.12,26810.116918,0.01620850813485966
531,2019-11-12,8733.36,8888.0,8567.6,8821.94,40366.629471,0.036686910879661395
532,2019-11-11,9040.16,9072.32,8618.68,8733.27,44888.053545,0.05018052777826935
533,2019-11-10,8809.18,9147.19,8750.0,9039.47,34422.029797,0.0450881920905238
534,2019-11-09,8773.74,8880.0,8724.88,8809.41,29469.481405,0.017680031548689704
535,2019-11-08,9214.0,9261.0,8696.0,8773.73,62107.289243,0.061319730844367266
536,2019-11-07,9339.16,9375.0,9101.0,9216.2,39117.470853,0.0293388270465438
537,2019-11-06,9307.73,9440.91,9250.01,9339.05,37336.170372,0.02050983429901809
538,2019-11-05,9392.4,9454.95,9175.76,9308.66,45935.873665,0.02972509688684474
539,2019-11-04,9196.46,9513.68,9115.84,9393.35,45894.456277,0.043260124004236435
540,2019-11-03,9289.85,9362.57,9066.14,9194.71,27894.378279,0.031909018983083716
541,2019-11-02,9231.4,9373.74,9186.21,9289.52,28923.060828,0.020314361851940188
542,2019-11-01,9140.86,9279.0,9030.0,9231.61,43594.814115,0.027240325308559587
543,2019-10-31,9154.02,9405.0,8913.0,9140.85,54376.024902,0.053746878420628315
544,2019-10-30,9407.62,9409.84,9001.01,9154.72,55241.786434,0.04345732501950545
545,2019-10-29,9204.45,9550.0,9072.0,9407.62,64158.462446,0.051931402745411186
546,2019-10-28,9528.23,9902.1,9160.0,9205.14,80174.217323,0.07788434997895731
547,2019-10-27,9230.0,9794.98,9074.34,9529.93,93833.541604,0.07807583965330438
548,2019-10-26,8655.88,10370.0,8470.38,9230.0,162588.585413,0.219460066451938
549,2019-10-25,7412.41,8799.0,7361.0,8655.02,90748.218174,0.19399898278697483
550,2019-10-24,7468.47,7503.68,7337.99,7412.41,32714.383265,0.022185266861887442
551,2019-10-23,8020.06,8047.59,7300.0,7466.62,63897.457098,0.09321501335401482
552,2019-10-22,8197.28,8297.99,8000.0,8020.0,34651.828663,0.03635230222708017
553,2019-10-21,8223.35,8333.0,8142.03,8197.27,30448.679539,0.023222895778484468
554,2019-10-20,7949.87,8297.0,7870.0,8223.35,34286.452654,0.053711570126303954
555,2019-10-19,7946.89,8098.1,7866.92,7948.01,26627.889388,0.029090625389303272
556,2019-10-18,8070.71,8115.0,7816.01,7947.01,31353.181416,0.03704630695440671
557,2019-10-17,7995.02,8124.92,7929.03,8070.58,29656.949158,0.024501502185110272
558,2019-10-16,8159.3,8181.16,7917.0,7991.74,34733.593966,0.032375326314757376
559,2019-10-15,8346.86,8403.0,8090.0,8159.29,32773.062476,0.037499131409895456
560,2019-10-14,8275.24,8388.85,8203.0,8348.2,29810.663253,0.02245856313532905
561,2019-10-13,8301.98,8451.37,8160.0,8275.01,27840.739953,0.03509644687171022
562,2019-10-12,8257.95,8400.0,8250.0,8300.09,21339.334098,0.018164314387953424
563,2019-10-11,8557.82,8779.51,8212.38,8258.5,50405.284418,0.06627038194306506
564,2019-10-10,8562.15,8644.0,8414.52,8558.03,39137.946167,0.026801679484708813
565,2019-10-09,8170.79,8670.0,8115.0,8560.74,55038.704378,0.06792488853586985
566,2019-10-08,8190.82,8325.0,8088.75,8168.39,35452.657423,0.02884326599778777
567,2019-10-07,7855.3,8299.92,7762.0,8190.09,52202.072297,0.06847860680050413
568,2019-10-06,8127.55,8153.87,7785.0,7854.25,34676.104049,0.04538514066354558
569,2019-10-05,8137.09,8183.41,8012.98,8126.19,21907.615564,0.02094483408687876
570,2019-10-04,8224.43,8232.41,8005.0,8137.13,26476.330404,0.027650548427064228
571,2019-10-03,8360.0,8393.0,8060.0,8223.96,30488.284058,0.03983253588516746
572,2019-10-02,8292.67,8373.91,8151.22,8359.94,26243.386644,0.02685383597803839
573,2019-10-01,8289.97,8500.0,8173.05,8292.44,43472.418091,0.03943922595618559
574,2019-09-30,8043.04,8337.26,7710.0,8289.34,55865.48726,0.07798792496369535
575,2019-09-29,8199.38,8229.13,7890.0,8043.82,31544.211388,0.04136044432627824
576,2019-09-28,8177.47,8315.0,8001.09,8198.81,34473.605165,0.03838717843049254
577,2019-09-27,8063.49,8265.0,7852.15,8177.91,43882.924625,0.05119991467714357
578,2019-09-26,8430.05,8465.99,7750.0,8063.73,67930.853749,0.08493306682641263
579,2019-09-25,8497.55,8730.0,8215.64,8430.05,60783.892258,0.0605303881707081
580,2019-09-24,9702.2,9794.99,7800.0,8493.14,94007.345203,0.20562243614850237
581,2019-09-23,10028.05,10049.99,9615.77,9702.25,31937.232356,0.04330054197974675
582,2019-09-22,9985.15,10089.0,9853.97,10028.87,22049.275256,0.02353795386148437
583,2019-09-21,10167.92,10176.7,9900.0,9986.39,20544.175196,0.027213038654906877
584,2019-09-20,10243.7,10281.0,10061.39,10168.59,25088.491069,0.021438542714058453
585,2019-09-19,10156.41,10325.0,9653.0,10244.29,44826.282579,0.06616511149116666
586,2019-09-18,10187.48,10258.02,10100.0,10156.99,24250.249303,0.01551119609559974
587,2019-09-17,10249.68,10275.0,10128.01,10187.82,22914.324563,0.014340935521889442
588,2019-09-16,10303.34,10355.0,10078.0,10251.31,28971.401657,0.026884486001626656
589,2019-09-15,10332.81,10360.0,10252.15,10302.01,18047.654013,0.01043762538941492
590,2019-09-14,10344.13,10419.99,10222.33,10335.02,23621.533519,0.01910842187791529
591,2019-09-13,10415.01,10439.0,10153.0,10342.06,30280.339776,0.027460367296814885
592,2019-09-12,10158.75,10448.81,10040.0,10415.01,34511.162755,0.04024215577703945
593,2019-09-11,10098.19,10293.0,9880.0,10158.33,31953.824562,0.040898418429441315
594,2019-09-10,10302.58,10384.99,9953.0,10098.15,28915.412225,0.04193027377608325
595,2019-09-09,10381.24,10480.0,10068.5,10303.12,39835.727608,0.039638810007282366
596,2019-09-08,10455.9,10592.5,10208.0,10381.18,23984.672018,0.03677349630352241
597,2019-09-07,10298.71,10558.0,10288.57,10455.88,27637.877392,0.026161528968191194
598,2019-09-06,10563.13,10905.87,10150.0,10298.73,58799.640959,0.07155738876639792
599,2019-09-05,10565.92,10900.0,10450.0,10564.49,33970.960639,0.04258976028590033
600,2019-09-04,10611.85,10799.0,10369.89,10567.02,43943.889026,0.040436870102762534
601,2019-09-03,10340.0,10773.0,10272.0,10615.28,47998.376781,0.04845261121856866
602,2019-09-02,9723.59,10450.0,9712.5,10340.0,44740.248093,0.07584647234200537
603,2019-09-01,9588.74,9830.0,9520.0,9724.98,19545.404843,0.03232958657758996
604,2019-08-31,9582.76,9684.51,9420.75,9587.47,17130.290074,0.027524429287595662
605,2019-08-30,9499.01,9696.0,9350.41,9584.54,26834.318104,0.03638168609149797
606,2019-08-29,9721.0,9724.0,9320.0,9498.44,35532.69491,0.041559510338442546
607,2019-08-28,10185.69,10299.0,9601.01,9721.0,42110.555375,0.068526530848671
608,2019-08-27,10373.6,10391.08,10051.08,10185.05,28402.775383,0.03277550705637387
609,2019-08-26,10142.69,10604.0,10137.93,10372.25,41687.511599,0.045951320606269115
610,2019-08-25,10134.61,10333.0,9906.97,10142.69,26271.657398,0.042037138084248
611,2019-08-24,10388.16,10419.42,9890.0,10134.35,27692.456844,0.05096378954502049
612,2019-08-23,10099.9,10445.0,10019.79,10389.55,27550.336173,0.04210041683581017
613,2019-08-22,10140.82,10242.0,9762.0,10099.88,34059.642738,0.04733345035214115
614,2019-08-21,10760.51,10804.13,9858.0,10142.57,47355.719282,0.08792612989533016
615,2019-08-20,10914.73,10949.96,10560.0,10760.51,32298.921679,0.03572786500444804
616,2019-08-19,10306.17,10930.0,10258.6,10915.54,37243.319217,0.06514544200221806
617,2019-08-18,10216.05,10500.0,10080.0,10306.78,24085.395172,0.041111779993245924
618,2019-08-17,10331.15,10465.14,10000.0,10216.02,29000.581201,0.045023061324247486
619,2019-08-16,10296.77,10536.03,9750.0,10331.54,51758.142918,0.07633753108984669
620,2019-08-15,10055.16,10460.0,9911.0,10293.93,38174.45112,0.054598832838065235
621,2019-08-14,10893.36,10897.48,9928.1,10050.37,54451.847499,0.0889881542517643
622,2019-08-13,11398.35,11456.16,10788.45,10892.71,33234.72968,0.058579531247943704
623,2019-08-12,11539.08,11577.89,11235.32,11396.08,17568.227075,0.02968780873345186
624,2019-08-11,11309.24,11600.0,11112.11,11549.97,26772.90691,0.04314082997619641
625,2019-08-10,11879.98,11985.0,11270.0,11309.31,42633.087048,0.06018528650721634
626,2019-08-09,11994.17,12045.68,11700.0,11879.99,39427.152588,0.0288206687082141
627,2019-08-08,11975.04,12060.0,11521.0,11999.77,51207.257174,0.04501028806584362
628,2019-08-07,11481.69,12141.17,11382.84,11975.03,69173.390353,0.06604689727731718
629,2019-08-06,11830.0,12330.7,11226.7,11481.69,76705.389875,0.09332206255283178
630,2019-08-05,10929.99,11937.52,10927.8,11828.8,65153.673713,0.09238068836293548
631,2019-08-04,10816.86,11040.0,10552.0,10929.23,39924.745141,0.04511475603825879
632,2019-08-03,10523.75,10904.77,10497.93,10816.86,33802.318824,0.038659223185651514
633,2019-08-02,10375.0,10670.0,10281.35,10523.75,42990.444221,0.03746024096385538
634,2019-08-01,10080.53,10467.86,9863.46,10374.99,41727.637028,0.059957164950652536
635,2019-07-31,9575.0,10109.8,9555.0,10080.53,39515.35456,0.05794255874673622
636,2019-07-30,9509.07,9714.28,9402.0,9574.21,32536.368834,0.03284022517449137
637,2019-07-29,9541.54,9729.0,9395.0,9507.64,29021.937411,0.03500483150518679
638,2019-07-28,9478.92,9594.99,9165.0,9541.54,29401.022937,0.0453627628464002
639,2019-07-27,9824.0,10188.66,9333.0,9476.52,43809.778301,0.08709894136807816
640,2019-07-26,9882.15,9889.98,9637.0,9824.0,27167.463217,0.02559969237463503
641,2019-07-25,9763.4,10175.0,9720.03,9879.87,37873.354728,0.04659954524038751
642,2019-07-24,9864.78,9937.0,9525.0,9763.28,43475.380377,0.04176474285285632
643,2019-07-23,10343.08,10343.97,9822.0,9864.91,47624.37071,0.05046562532630506
644,2019-07-22,10590.15,10683.16,10100.0,10340.31,40467.954839,0.05506626440607545
645,2019-07-21,10740.27,10817.9,10288.0,10589.45,38834.287935,0.04933767959278487
646,2019-07-20,10505.78,11068.99,10350.0,10740.23,47331.899848,0.06843756484525658
647,2019-07-19,10628.64,10769.71,10121.84,10504.29,56546.932133,0.06095511749386554
648,2019-07-18,9668.86,10788.0,9252.0,10627.16,80283.310252,0.15886050682293465
649,2019-07-17,9430.17,9957.0,9060.0,9667.92,84942.672717,0.0951202364326412
650,2019-07-16,10833.78,11028.0,9350.01,9439.59,97219.443413,0.1548849985877505
651,2019-07-15,10174.18,11100.0,9860.0,10838.72,81922.426332,0.12187714390742055
652,2019-07-14,11355.78,11452.0,10103.0,10174.18,72517.579236,0.1187941295093776
653,2019-07-13,11757.22,11799.98,10830.0,11355.76,54245.594548,0.08250079525602137
654,2019-07-12,11342.88,11885.0,11073.0,11757.22,56321.858281,0.07158675750779345
655,2019-07-11,12108.11,12111.73,11000.0,11342.89,87506.461058,0.0918169722607409
656,2019-07-10,12548.51,13147.08,11569.0,12108.37,109246.044997,0.1257583569682775
657,2019-07-09,12238.6,12794.73,12068.0,12543.41,78442.130343,0.05938015786119324
658,2019-07-08,11410.0,12338.03,11220.0,12238.6,52182.367215,0.09798685363716045
659,2019-07-07,11256.45,11538.0,11094.37,11406.24,38884.795599,0.03941118203341188
660,2019-07-06,10982.41,11665.0,10964.51,11256.49,51469.496331,0.06378290375245504
661,2019-07-05,11145.67,11406.83,10796.44,10970.73,63534.350582,0.054764765150950946
662,2019-07-04,11940.0,12000.0,11055.0,11145.67,66512.221892,0.07914572864321608
663,2019-07-03,10844.98,11991.89,10841.04,11940.0,96815.90029,0.10611822244024412
664,2019-07-02,10624.9,10938.75,9727.0,10842.85,109561.038728,0.114048132217715
665,2019-07-01,10854.1,11282.28,10030.0,10624.93,90962.268271,0.11537391400484615
666,2019-06-30,11903.13,12180.0,10766.03,10854.1,84512.530443,0.11878976370080806
667,2019-06-29,12407.06,12441.54,11475.02,11903.13,69642.074157,0.07790080808829815
668,2019-06-28,11329.99,12480.0,10982.88,12400.63,95795.203964,0.13213780418164542
669,2019-06-27,13098.38,13478.04,10525.1,11329.99,173894.820889,0.22544314640436455
670,2019-06-26,11821.28,13970.0,11741.0,13093.8,155930.147386,0.18855826103433806
671,2019-06-25,11056.59,11850.0,11026.0,11820.86,61276.686648,0.07452569010879484
672,2019-06-24,10905.95,11143.63,10620.8,11056.59,43101.045285,0.04793988602551817
673,2019-06-23,10729.0,11392.64,10555.18,10906.07,57445.323945,0.0780557367881442
674,2019-06-22,10159.86,11160.0,9921.72,10729.5,104169.447976,0.12187963219965635
675,2019-06-21,9518.06,10174.99,9518.06,10159.86,50484.415892,0.06901931696164978
676,2019-06-20,9253.76,9590.0,9175.2,9517.12,34556.053982,0.044825022477349666
677,2019-06-19,9081.97,9304.0,8960.0,9255.49,32147.706495,0.03787724469470831
678,2019-06-18,9312.13,9336.36,8950.0,9081.55,51554.569401,0.04148997060822826
679,2019-06-17,8953.0,9444.0,8950.0,9313.96,47895.485374,0.05517703563051491
680,2019-06-16,8810.77,9333.0,8760.0,8953.33,63289.251219,0.06503404356259442
681,2019-06-15,8650.88,8864.99,8567.63,8808.7,31791.636039,0.034373381667529845
682,2019-06-14,8216.44,8684.41,8144.32,8650.0,39835.246255,0.06573284780269802
683,2019-06-13,8127.64,8309.82,8010.03,8218.54,30467.764341,0.03688524590163934
684,2019-06-12,7884.9,8200.0,7788.99,8127.64,41597.082622,0.052126215931717616
685,2019-06-11,7981.0,8010.0,7692.23,7884.9,30334.999427,0.039815812554817746
686,2019-06-10,7627.57,8020.0,7511.0,7982.75,36756.078468,0.06673160652737373
687,2019-06-09,7895.28,7935.0,7506.66,7628.13,31568.465157,0.05425266741648176
688,2019-06-08,7978.94,8044.65,7751.0,7893.62,22657.329634,0.03680313425091549
689,2019-06-07,7787.57,8100.0,7737.49,7980.53,33942.225658,0.04654982234509612
690,2019-06-06,7778.08,7868.13,7444.58,7786.7,36624.118747,0.05445431263242345
691,2019-06-05,7687.04,7896.7,7572.78,7776.5,48679.656455,0.04213845641495297
692,2019-06-04,8115.66,8115.66,7481.02,7687.03,74143.948941,0.07819943171596634
693,2019-06-03,8726.0,8800.95,8080.8,8115.82,45692.965104,0.08252922301168927
694,2019-06-02,8545.1,8814.78,8524.0,8725.98,27835.133265,0.03402885864413531
695,2019-06-01,8555.0,8626.0,8442.36,8544.07,31868.234157,0.021465809468147214
696,2019-05-31,8267.1,8594.0,8108.5,8555.0,44727.49162,0.058726760290791206
697,2019-05-30,8646.5,9074.26,8005.0,8269.54,70379.998521,0.12366391025270343
698,2019-05-29,8716.87,8750.0,8406.6,8645.68,33880.865922,0.039394874536387445
699,2019-05-28,8752.52,8798.49,8510.63,8715.64,31470.551534,0.032888813735929834
700,2019-05-27,8612.54,8908.32,8589.0,8756.32,51886.768793,0.0370761703283816
701,2019-05-26,8023.0,8740.0,7833.42,8614.43,49652.144567,0.11299763180855041
702,2019-05-25,7964.52,8091.8,7908.34,8025.41,28414.328817,0.023034658711384996
703,2019-05-24,7849.95,8130.0,7766.0,7964.87,46664.785325,0.046369722100140766
704,2019-05-23,7627.8,7940.98,7461.0,7851.51,49648.184701,0.06292508980308864
705,2019-05-22,7904.48,8016.0,7465.0,7628.43,49136.994589,0.0697073052243791
706,2019-05-21,7937.16,8042.32,7771.0,7904.87,52301.752247,0.03418351148269654
707,2019-05-20,8147.94,8156.03,7553.0,7938.15,65859.208564,0.07401011789482984
708,2019-05-19,7257.32,8275.09,7243.08,8148.48,65577.442058,0.14220263127435476
709,2019-05-18,7355.28,7458.0,7156.61,7257.45,37054.944779,0.04097600635189964
710,2019-05-17,7868.67,7925.0,6913.0,7355.26,88752.008159,0.12861131550821167
711,2019-05-16,8169.08,8320.0,7705.0,7866.59,69630.513996,0.07528387529562693
712,2019-05-15,7945.26,8249.0,7850.0,8169.87,37884.327211,0.05021862091360132
713,2019-05-14,7795.62,8366.0,7599.56,7947.56,76583.722603,0.09831674709644642
714,2019-05-13,6968.24,8100.0,6870.0,7790.71,85804.735333,0.17651516021262184
715,2019-05-12,7076.24,7521.78,6750.0,6967.31,86948.975339,0.10906639684352139
716,2019-05-11,6375.16,7343.99,6372.85,7076.22,74022.424393,0.15233186304343727
717,2019-05-10,6209.95,6468.92,6172.0,6373.33,36623.61079,0.0478135894813968
718,2019-05-09,5986.66,6224.55,5983.71,6209.18,27453.011436,0.04022944346263194
719,2019-05-08,5846.34,6014.72,5772.2,5987.29,23074.05152,0.041482363324746835
720,2019-05-07,5749.92,6028.41,5747.74,5846.34,39905.064422,0.04881285304839025
721,2019-05-06,5773.18,5805.0,5619.14,5747.79,25256.596325,0.03219369567552019
722,2019-05-05,5829.83,5839.9,5696.0,5775.62,23822.543775,0.024683395570711263
723,2019-05-04,5770.62,5900.0,5587.45,5829.45,39682.408991,0.05416229105364765
724,2019-05-03,5494.81,5844.0,5477.57,5772.69,46297.172849,0.06668656423061038
725,2019-05-02,5383.2,5538.0,5370.0,5492.87,22795.787835,0.03120820329915292
726,2019-05-01,5321.94,5402.0,5316.2,5383.2,17217.473216,0.016121940495383298
727,2019-04-30,5238.14,5339.98,5192.15,5320.81,22238.06823,0.028221849740556748
728,2019-04-29,5309.81,5332.0,5178.8,5238.14,19918.135079,0.02885225648375362
729,2019-04-28,5295.69,5340.0,5259.48,5307.52,14371.433869,0.015204817502535163
730,2019-04-27,5315.0,5342.5,5257.67,5295.69,15422.896935,0.015960489181561604
731,2019-04-26,5220.47,5510.0,5161.62,5314.1,48912.294513,0.06673345503374219
732,2019-04-25,5415.0,5491.84,5102.0,5219.9,49636.089948,0.07199261311172671
733,2019-04-24,5490.91,5582.2,5333.35,5415.0,48224.152413,0.04532035673504018
734,2019-04-23,5357.14,5600.0,5332.41,5493.31,41262.103917,0.04995015997341868
735,2019-04-22,5257.41,5400.0,5208.35,5357.14,29563.852309,0.03645331066057234
736,2019-04-21,5292.91,5314.35,5165.0,5256.14,25549.570939,0.028216992164990594
737,2019-04-20,5258.68,5333.42,5230.1,5291.73,19168.908274,0.019647516106703528
738,2019-04-19,5258.44,5320.0,5175.0,5258.68,24611.236323,0.02757471797719476
739,2019-04-18,5202.41,5287.0,5198.8,5258.44,22619.239001,0.01695368108242138
740,2019-04-17,5173.72,5230.4,5146.8,5202.82,23307.536134,0.016158586085060548
741,2019-04-16,5024.95,5197.72,5003.94,5173.72,24242.229493,0.03856356779669463
742,2019-04-15,5131.28,5167.38,4950.0,5024.95,29057.191581,0.042363698726243765
743,2019-04-14,5047.45,5152.99,5000.0,5131.3,18281.607739,0.0303103547335783
744,2019-04-13,5047.0,5099.0,5004.0,5045.22,17292.456802,0.01882306320586487
745,2019-04-12,5017.37,5080.58,4861.22,5048.01,33276.678614,0.043720116315918434
746,2019-04-11,5307.86,5332.67,4927.0,5017.37,54696.600686,0.07642816502319204
747,2019-04-10,5150.0,5422.0,5135.0,5308.25,40073.620471,0.055728155339805824
748,2019-04-09,5238.38,5238.4,5076.68,5150.0,34067.012311,0.030872139860032937
749,2019-04-08,5170.27,5305.0,5039.0,5236.9,50178.430782,0.051447990143648197
750,2019-04-07,5042.07,5234.0,5026.0,5170.27,37615.486804,0.04125289811525822
751,2019-04-06,5004.96,5205.0,4928.59,5043.89,41770.842313,0.05522721460311368
752,2019-04-05,4898.64,5028.22,4880.62,5004.95,39768.552806,0.030130811817157488
753,2019-04-04,4932.59,5039.08,4777.0,4898.66,61054.254168,0.05313233007405844
754,2019-04-03,4857.19,5275.01,4753.5,4932.6,109890.125743,0.107368663774734
755,2019-04-02,4144.54,4897.99,4140.54,4857.29,105383.639263,0.18275852084911712
756,2019-04-01,4102.44,4158.7,4067.0,4144.56,25507.067641,0.02235255116467269
757,2019-03-31,4106.99,4116.12,4082.57,4103.95,13525.087433,0.008168999681031542
758,2019-03-30,4104.24,4140.0,4052.0,4106.97,19509.292601,0.021441241252948173
759,2019-03-29,4028.22,4123.71,4024.03,4103.25,30084.217444,0.024745421054460738
760,2019-03-28,4039.58,4039.7,4002.0,4027.81,20089.293875,0.009332653394659796
761,2019-03-27,3948.77,4048.0,3936.15,4038.05,32364.555852,0.028325275972011513
762,2019-03-26,3935.47,3958.98,3894.0,3948.55,29349.537627,0.016511369671220976
763,2019-03-25,3991.35,3999.3,3888.71,3936.12,33192.890217,0.027707417289889423
764,2019-03-24,4006.01,4006.02,3950.0,3992.18,17179.850648,0.01398398905644269
765,2019-03-23,3987.89,4018.83,3978.01,4006.01,17302.604318,0.010235989458084278
766,2019-03-22,3980.85,4008.0,3968.25,3986.93,20022.606318,0.00998530464599269
767,2019-03-21,4043.04,4069.32,3880.01,3980.64,35997.682119,0.0468236772329732
768,2019-03-20,4017.48,4050.0,3980.5,4043.04,23432.300255,0.0172994016149427
769,2019-03-19,3987.83,4031.0,3970.0,4015.53,19893.741815,0.015296539722104503
770,2019-03-18,3981.85,4037.0,3953.33,3987.81,22454.47801,0.02101284578776199
771,2019-03-17,4005.98,4012.0,3950.01,3981.14,18814.255577,0.01547436582309442
772,2019-03-16,3924.46,4056.98,3921.98,4005.98,28568.376124,0.03439963714753112
773,2019-03-15,3877.12,3939.22,3872.2,3923.76,21740.061498,0.01728602674149884
774,2019-03-14,3866.0,3920.0,3810.43,3877.12,27048.74853,0.02834195550957066
775,2019-03-13,3882.69,3893.56,3840.0,3866.0,24461.008757,0.0137945599571431
776,2019-03-12,3871.61,3905.2,3826.06,3882.73,26921.008622,0.020441108479418088
777,2019-03-11,3915.99,3936.98,3830.0,3871.61,38066.885705,0.027318762305317434
778,2019-03-10,3943.43,3943.43,3881.69,3916.82,23187.561412,0.015656420933045544
779,2019-03-09,3864.88,3971.75,3854.75,3943.04,30979.747653,0.030272608722651154
780,2019-03-08,3873.63,3932.0,3800.0,3864.89,34730.366592,0.03407656384321683
781,2019-03-07,3861.84,3905.4,3840.4,3873.64,26455.257661,0.016831355001760816
782,2019-03-06,3857.58,3907.0,3813.09,3861.84,24775.11883,0.024344278018861527
783,2019-03-05,3716.1,3877.1,3703.55,3857.73,32962.536162,0.046702187777508605
784,2019-03-04,3807.32,3830.0,3670.69,3715.3,34742.84166,0.04184308122248719
785,2019-03-03,3819.97,3835.0,3781.32,3807.75,16718.16541,0.014052466380625983
786,2019-03-02,3822.17,3841.31,3772.25,3819.93,19445.838355,0.01806827011880684
787,2019-03-01,3814.26,3857.0,3813.01,3823.0,23174.57217,0.011533036552306287
788,2019-02-28,3818.04,3888.0,3763.87,3813.69,32561.961044,0.0325114456632199
789,2019-02-27,3809.31,3838.85,3677.17,3818.07,31500.995466,0.04244338213482227
790,2019-02-26,3828.44,3841.51,3777.0,3809.23,28838.748036,0.01685020530555532
791,2019-02-25,3743.56,3872.66,3740.0,3827.92,38102.966245,0.0354368568955753
792,2019-02-24,4118.0,4198.0,3712.66,3743.56,62224.18689,0.11785818358426424
793,2019-02-23,3962.0,4162.02,3933.15,4117.76,33657.942883,0.05776627965673911
794,2019-02-22,3937.31,3988.0,3926.65,3962.0,23943.16375,0.015581704260015063
795,2019-02-21,3969.74,4016.48,3901.03,3937.31,31103.884728,0.029082509181961494
796,2019-02-20,3907.35,3986.98,3870.66,3969.74,36205.14085,0.02976953689840945
797,2019-02-19,3897.35,3994.52,3856.0,3907.79,50207.172667,0.03554209911863189
798,2019-02-18,3667.62,3925.0,3655.0,3898.6,64042.730492,0.07361722315834247
799,2019-02-17,3617.22,3700.11,3604.4,3667.58,25690.227779,0.026459546281398433
800,2019-02-16,3602.49,3648.2,3597.91,3618.41,19565.992751,0.01395978892377216
801,2019-02-15,3590.57,3653.23,3573.45,3602.47,20777.872899,0.022219313368072532
802,2019-02-14,3608.34,3626.4,3568.11,3590.56,21753.501261,0.01615424267114517
803,2019-02-13,3631.51,3670.0,3591.75,3609.4,25773.997648,0.021547510539692855
804,2019-02-12,3631.05,3667.6,3582.34,3631.46,29479.59823,0.023480811335564025
805,2019-02-11,3679.75,3684.9,3615.53,3631.05,24954.614571,0.0188518241728378
806,2019-02-10,3665.18,3684.99,3609.76,3680.06,23250.602634,0.02052559492303231
807,2019-02-09,3660.27,3680.02,3625.13,3665.18,24759.833719,0.01499616148535487
808,2019-02-08,3398.4,3733.58,3373.1,3659.04,47968.058013,0.10607344632768362
809,2019-02-07,3407.0,3426.45,3390.0,3398.4,18665.538638,0.010698561784561144
810,2019-02-06,3471.57,3482.72,3380.0,3405.37,35310.244846,0.029588917982353746
811,2019-02-05,3463.22,3478.97,3448.43,3471.59,25264.41503,0.00881838289222168
812,2019-02-04,3458.11,3484.88,3433.31,3463.22,23131.981108,0.014912770270465706
813,2019-02-03,3504.06,3511.09,3426.0,3458.11,19867.33639,0.0242832599898404
814,2019-02-02,3462.2,3526.4,3440.29,3504.77,17920.802,0.024871469008145148
815,2019-02-01,3434.1,3488.0,3401.2,3462.07,25260.476159,0.025275909262980165
816,2019-01-31,3457.5,3489.2,3418.8,3434.1,29607.190253,0.02036153289949375
817,2019-01-30,3410.04,3478.0,3387.1,3458.18,23968.260243,0.02665657880845975
818,2019-01-29,3434.0,3443.45,3349.92,3411.04,29544.928977,0.027236458940011574
819,2019-01-28,3550.05,3557.75,3380.27,3434.15,40405.111401,0.04999366206109773
820,2019-01-27,3565.62,3579.0,3486.0,3550.84,22735.598162,0.02608242044861763
821,2019-01-26,3566.69,3662.94,3545.0,3565.25,19476.532344,0.03306707339297782
822,2019-01-25,3569.07,3587.15,3522.51,3565.29,17608.346671,0.018111160610467116
823,2019-01-24,3552.97,3589.0,3529.22,3569.62,20826.25118,0.016825360191614395
824,2019-01-23,3570.41,3607.98,3514.5,3552.82,24938.842698,0.02618186706848794
825,2019-01-22,3526.88,3608.5,3434.85,3570.93,29336.442967,0.04923615206641567
826,2019-01-21,3539.26,3559.51,3475.5,3526.9,19644.436839,0.023736600306278773
827,2019-01-20,3665.75,3693.73,3475.0,3539.28,27901.938598,0.05966855350201187
828,2019-01-19,3594.87,3720.0,3594.23,3665.3,22171.578123,0.03498596611282188
829,2019-01-18,3613.32,3620.0,3565.75,3594.87,22713.446755,0.01501389304019572
830,2019-01-17,3591.84,3634.7,3530.39,3616.21,29755.440838,0.029040825871976463
831,2019-01-16,3553.06,3645.0,3543.51,3591.84,27480.179977,0.028564110935362697
832,2019-01-15,3626.08,3648.42,3516.62,3553.06,34137.997459,0.03634779155451622
833,2019-01-14,3477.56,3671.87,3467.02,3626.09,35235.211215,0.05890624460828855
834,2019-01-13,3584.1,3611.1,3441.3,3476.81,26385.757454,0.047375910270360685
835,2019-01-12,3601.31,3618.19,3530.0,3583.13,21999.928354,0.02448831119786968
836,2019-01-11,3585.88,3658.0,3465.0,3601.31,38338.654733,0.05382221379410354
837,2019-01-10,3966.06,3996.01,3540.0,3585.88,59402.22851,0.11497808908589387
838,2019-01-09,3955.45,4006.81,3930.04,3966.65,28989.439511,0.01940866399524706
839,2019-01-08,3976.76,4069.8,3903.0,3955.13,38901.423122,0.04194369285549044
840,2019-01-07,3987.62,4017.9,3921.53,3975.45,31869.846264,0.024167297786649652
841,2019-01-06,3771.12,4027.71,3740.0,3987.6,36553.806709,0.07629298457752605
842,2019-01-05,3790.09,3840.99,3751.0,3770.96,30490.667751,0.023743499494734897
843,2019-01-04,3767.2,3823.64,3703.57,3792.01,29519.554671,0.03187247823317045
844,2019-01-03,3857.57,3862.74,3730.0,3766.78,29406.948359,0.03441026345600982
845,2019-01-02,3796.45,3882.14,3750.45,3858.56,35156.463369,0.034687668743167976
846,2019-01-01,3701.23,3810.16,3642.0,3797.14,23741.687033,0.045433545064748705
847,2018-12-31,3803.12,3810.0,3630.33,3702.9,29991.77835,0.0472427901302089
848,2018-12-30,3696.71,3903.5,3657.9,3801.91,33222.369262,0.06643745384409377
849,2018-12-29,3839.0,3892.0,3670.0,3695.32,38874.373903,0.05782755926022402
850,2018-12-28,3567.89,3887.25,3540.04,3839.26,45964.304987,0.09731521991989665
851,2018-12-27,3777.74,3813.98,3535.0,3567.91,44097.392912,0.07384838554267896
852,2018-12-26,3745.56,3837.15,3656.74,3777.74,42629.375817,0.048166362306304084
853,2018-12-25,4010.11,4020.0,3646.41,3745.79,62725.629432,0.09316203296168936
854,2018-12-24,3929.71,4198.0,3924.83,4008.01,64647.809129,0.06951403538683518
855,2018-12-23,3948.91,4021.53,3870.0,3929.71,40117.531529,0.03837261421506193
856,2018-12-22,3840.25,3979.0,3785.0,3948.91,42822.350872,0.050517544430701125
857,2018-12-21,4051.86,4139.99,3764.0,3838.66,82343.850112,0.0927944203402881
858,2018-12-20,3660.01,4120.0,3635.0,4049.62,101543.835986,0.1325132991439914
859,2018-12-19,3653.0,3912.73,3622.55,3662.22,94137.341014,0.07943607993430053
860,2018-12-18,3509.03,3678.59,3424.47,3652.98,61369.615257,0.07241887359184741
861,2018-12-17,3229.22,3585.0,3216.0,3509.08,66761.751697,0.11426908045905823
862,2018-12-16,3211.71,3294.0,3186.0,3228.67,24628.808538,0.03362694639304296
863,2018-12-15,3225.19,3276.5,3156.26,3211.72,29796.041436,0.03728152449933175
864,2018-12-14,3302.06,3335.39,3177.0,3224.17,44492.983807,0.047967026643973724
865,2018-12-13,3446.38,3460.0,3255.5,3302.06,40040.917013,0.0593376238255793
866,2018-12-12,3379.23,3492.0,3350.0,3445.0,33922.931286,0.04202140724366202
867,2018-12-11,3434.01,3480.0,3324.32,3380.39,35920.864154,0.04533475441247982
868,2018-12-10,3548.49,3610.0,3370.11,3432.88,40989.244553,0.06760340313767262
869,2018-12-09,3411.36,3658.0,3394.04,3545.37,45956.893296,0.07737676469208762
870,2018-12-08,3403.57,3495.0,3222.0,3410.93,55365.949949,0.08020989725494113
871,2018-12-07,3508.75,3549.99,3224.6,3403.55,95145.457442,0.09273672960455999
872,2018-12-06,3768.44,3899.99,3500.0,3508.75,68378.796943,0.1061420640901805
873,2018-12-05,3950.98,3970.0,3745.0,3769.84,44004.799448,0.056947896471255234
874,2018-12-04,3884.76,4085.0,3781.0,3951.64,48489.551613,0.07825451250527703
875,2018-12-03,4160.55,4179.0,3827.0,3884.01,49094.369163,0.08460419896407927
876,2018-12-02,4190.98,4312.99,4103.04,4161.01,38912.15479,0.050095681678270915
877,2018-12-01,4041.27,4299.99,3963.01,4190.02,44840.073481,0.0833846785787635
878,2018-11-30,4295.72,4341.36,3943.0,4041.32,67758.446283,0.09273416330673313
879,2018-11-29,4262.06,4450.38,4125.65,4295.84,73980.198669,0.07619085606490768
880,2018-11-28,3875.63,4394.47,3874.27,4264.85,91983.567949,0.13422333917324417
881,2018-11-27,3864.45,3940.0,3689.12,3875.21,67480.607212,0.06491997567571067
882,2018-11-26,4088.69,4206.0,3701.0,3862.2,94503.750767,0.12351144254027574
883,2018-11-25,3933.68,4233.0,3652.66,4085.78,101693.975588,0.14753106505867283
884,2018-11-24,4415.63,4527.0,3824.69,3932.44,61693.111006,0.15905091685671124
885,2018-11-23,4370.9,4484.0,4222.94,4420.61,49371.920322,0.05972682971470416
886,2018-11-22,4661.08,4721.77,4335.0,4370.0,34531.119143,0.08297862298008196
887,2018-11-21,4559.91,4787.2,4413.85,4661.07,61071.829475,0.08187661598584171
888,2018-11-20,4913.4,5048.24,4326.0,4558.86,117380.95159,0.14699393495339272
889,2018-11-19,5661.94,5664.0,4855.0,4910.03,70580.892856,0.14288388785469291
890,2018-11-18,5630.49,5738.17,5617.0,5662.0,23844.999347,0.0215203294917494
891,2018-11-17,5650.57,5656.6,5565.43,5628.29,26411.241413,0.016134655441840395
892,2018-11-16,5757.09,5782.89,5549.25,5655.94,38721.802274,0.0405830028712423
893,2018-11-15,5917.2,5939.54,5403.42,5753.4,47700.829401,0.09060366389508549
894,2018-11-14,6458.98,6482.84,5656.87,5922.41,46478.964003,0.12787932459924017
895,2018-11-13,6451.68,6498.0,6391.15,6457.66,11790.564933,0.016561577759591356
896,2018-11-12,6450.71,6497.0,6421.0,6453.07,10132.782567,0.011781648841755404
897,2018-11-11,6435.16,6462.14,6355.0,6449.81,8213.507117,0.016649158684477205
898,2018-11-10,6419.99,6475.55,6411.0,6433.05,7714.829926,0.010054532795222452
899,2018-11-09,6479.84,6511.53,6391.01,6419.99,11787.616583,0.018599224672214056
900,2018-11-08,6578.46,6594.0,6468.22,6479.84,13259.789282,0.019119976407852256
901,2018-11-07,6522.73,6615.15,6509.0,6578.46,14271.591117,0.016273860791417037
902,2018-11-06,6468.99,6531.31,6445.18,6519.11,11926.565699,0.013314288629291453
903,2018-11-05,6485.85,6504.39,6431.02,6468.99,8987.882156,0.011312318354571858
904,2018-11-04,6388.0,6525.0,6359.0,6485.85,10592.394943,0.025986224170319348
905,2018-11-03,6432.8,6439.97,6345.0,6387.09,7661.241476,0.014763400074617624
906,2018-11-02,6410.0,6460.34,6388.2,6433.98,9739.440679,0.011254290171606915
907,2018-11-01,6369.52,6442.65,6348.66,6410.0,9099.035841,0.014756213969027458
908,2018-10-31,6330.01,6428.0,6245.02,6371.93,12148.888216,0.028906747382705485
909,2018-10-30,6344.5,6395.0,6317.01,6330.87,8877.175385,0.012292536842934791
910,2018-10-29,6489.93,6505.01,6315.0,6344.5,13827.224067,0.02927766555263311
911,2018-10-28,6505.6,6514.17,6453.0,6489.93,5743.933728,0.009402668470241033
912,2018-10-27,6538.63,6558.35,6463.04,6505.6,7776.907864,0.01457644797151703
913,2018-10-26,6528.13,6600.0,6515.01,6538.63,9443.504156,0.013019042206573671
914,2018-10-25,6566.81,6575.09,6502.8,6528.09,10342.701244,0.011008389156987937
915,2018-10-24,6553.51,6630.0,6547.53,6565.5,11951.543977,0.012584096156105697
916,2018-10-23,6581.2,6595.0,6515.45,6553.51,13856.601756,0.01208746125326691
917,2018-10-22,6590.12,6639.0,6535.27,6581.2,16213.69266,0.015740229312971473
918,2018-10-21,6585.72,6663.9,6580.0,6590.11,6515.357792,0.012739685258407529
919,2018-10-20,6528.88,6617.65,6505.55,6588.4,19240.722247,0.017169866807170517
920,2018-10-19,6618.96,6648.14,6523.0,6528.88,20772.60077,0.018906293435826827
921,2018-10-18,6739.01,6796.0,6567.0,6618.96,20116.521941,0.03398125243915649
922,2018-10-17,6762.76,6811.12,6676.01,6740.89,26641.431379,0.019978529476130998
923,2018-10-16,6752.5,6900.0,6670.0,6759.27,27557.957764,0.034061458718992965
924,2018-10-15,6339.34,7680.0,6300.0,6752.5,90748.031246,0.21768827669757418
925,2018-10-14,6332.92,6416.0,6308.0,6339.34,15627.411314,0.017053744560171294
926,2018-10-13,6298.0,6345.0,6285.07,6332.93,19098.070025,0.009515719275960668
927,2018-10-12,6252.71,6360.0,6209.0,6298.01,29004.071419,0.02414952876432779
928,2018-10-11,6630.21,6633.92,6205.0,6252.68,48712.400332,0.06469176692744273
929,2018-10-10,6656.67,6659.95,6530.0,6631.0,15390.661444,0.019521772898461215
930,2018-10-09,6673.01,6685.38,6607.0,6656.61,15354.779469,0.011745823848608065
931,2018-10-08,6615.26,6715.6,6587.0,6673.01,23123.419541,0.019439901077206393
932,2018-10-07,6596.44,6640.0,6525.0,6615.26,17406.831762,0.017433646027251063
933,2018-10-06,6635.65,6651.0,6566.77,6594.27,10939.505391,0.012693556772885787
934,2018-10-05,6591.69,6697.0,6543.08,6635.65,16096.552392,0.02335061266534077
935,2018-10-04,6510.01,6643.46,6505.09,6593.79,20074.300818,0.0212549596698008
936,2018-10-03,6525.79,6549.0,6430.0,6510.0,28451.969138,0.018235340089092663
937,2018-10-02,6610.0,6640.0,6494.0,6525.79,28245.810088,0.022087745839636914
938,2018-10-01,6626.57,6667.09,6510.0,6611.61,20621.506894,0.023706080219480084
939,2018-09-30,6597.66,6662.0,6533.0,6626.57,27764.724519,0.019552386755304154
940,2018-09-29,6634.58,6636.0,6464.57,6596.38,30255.9597,0.025838862444947576
941,2018-09-28,6689.12,6814.8,6540.88,6634.58,42399.448523,0.04095008013012176
942,2018-09-27,6467.84,6750.0,6434.0,6689.13,33087.428297,0.048857114585394816
943,2018-09-26,6445.11,6557.99,6379.7,6465.12,33484.54207,0.02766283275227265
944,2018-09-25,6581.42,6584.01,6325.02,6447.54,40301.029452,0.039351690060807513
945,2018-09-24,6706.81,6730.0,6557.0,6581.39,35305.73991,0.025794677350334957
946,2018-09-23,6723.05,6788.23,6661.75,6708.0,30286.229773,0.018812889982968973
947,2018-09-22,6759.01,6839.03,6627.0,6723.05,29349.690667,0.031369978739489913
948,2018-09-21,6492.0,6784.86,6491.0,6759.02,51779.343463,0.04526494146642016
949,2018-09-20,6392.0,6540.0,6325.0,6492.0,25189.024728,0.03363579474342929
950,2018-09-19,6336.39,6517.7,6123.0,6391.89,39044.080082,0.06229098903318764
951,2018-09-18,6248.69,6390.0,6224.98,6336.45,32620.86667,0.026408735270912854
952,2018-09-17,6500.08,6533.84,6201.0,6248.69,35987.254738,0.05120552362432464
953,2018-09-16,6514.96,6524.62,6370.0,6505.0,27568.132897,0.023733069734887074
954,2018-09-15,6476.63,6565.45,6466.13,6514.96,25243.656612,0.015335135711010157
955,2018-09-14,6487.39,6584.99,6385.62,6476.63,37173.339277,0.030731927631913587
956,2018-09-13,6338.62,6535.0,6337.4,6487.38,40465.063107,0.031173977932105152
957,2018-09-12,6293.0,6360.0,6192.37,6338.62,31433.645939,0.02663753376767839
958,2018-09-11,6311.99,6404.0,6169.68,6294.91,33104.88859,0.03712299924429534
959,2018-09-10,6252.26,6373.98,6221.0,6312.0,32439.456432,0.02446795238841628
960,2018-09-09,6185.06,6441.0,6141.53,6250.81,37053.92382,0.04841828535212273
961,2018-09-08,6395.54,6478.0,6111.0,6185.05,38215.032171,0.05738373929332003
962,2018-09-07,6516.84,6544.0,6320.0,6395.54,38906.28805,0.034372487279110735
963,2018-09-06,6697.27,6725.0,6265.0,6516.01,60644.464227,0.06868470287146852
964,2018-09-05,7359.05,7397.3,6682.0,6700.0,63715.256267,0.09720004620161572
965,2018-09-04,7263.0,7410.0,7227.17,7359.06,35300.640518,0.025172793611455312
966,2018-09-03,7302.0,7338.28,7191.63,7263.02,32396.018371,0.020083538756505016
967,2018-09-02,7201.57,7345.45,7127.0,7302.01,39814.840352,0.03033366335396307
968,2018-09-01,7011.21,7275.0,7008.74,7200.01,40323.414093,0.037976326482875314
969,2018-08-31,6984.84,7089.0,6888.0,7011.21,40467.400638,0.028776607624512514
970,2018-08-30,7033.21,7063.63,6784.81,6984.84,44716.77462,0.0396433491961707
971,2018-08-29,7077.0,7133.81,6912.34,7031.22,43252.487392,0.031294333757241805
972,2018-08-28,6907.26,7135.0,6860.0,7076.11,48352.917163,0.0398131820721965
973,2018-08-27,6700.0,6940.51,6646.5,6908.64,37747.078747,0.04388208955223884
974,2018-08-26,6733.64,6775.27,6568.0,6700.0,20107.297208,0.030781271348037677
975,2018-08-25,6686.98,6789.0,6650.61,6733.64,19220.505929,0.020695440991299562
976,2018-08-24,6525.0,6725.0,6440.5,6681.64,38305.675322,0.04360153256704981
977,2018-08-23,6362.57,6576.99,6342.28,6525.01,40358.166825,0.036889181572855
978,2018-08-22,6479.98,6882.54,6251.2,6360.89,77909.391359,0.09742931305343538
979,2018-08-21,6251.0,6500.0,6235.08,6480.0,41569.947408,0.04238041913293874
980,2018-08-20,6477.53,6530.0,6220.0,6254.84,49435.55526,0.04785774824663105
981,2018-08-19,6387.96,6541.0,6300.0,6477.53,45190.847994,0.037727224340791114
982,2018-08-18,6579.04,6620.0,6288.0,6387.96,53742.322172,0.050463289476884166
983,2018-08-17,6316.0,6585.0,6285.4,6584.49,57851.610803,0.04743508549715015
984,2018-08-16,6265.27,6480.0,6205.6,6311.75,48515.254618,0.04379699518137281
985,2018-08-15,6188.08,6609.0,6172.11,6267.16,68806.687026,0.07060186681490872
986,2018-08-14,6248.25,6250.33,5880.0,6188.08,50186.745091,0.05926939543072059
987,2018-08-13,6308.56,6545.0,6145.04,6246.35,53895.828783,0.06339957137603511
988,2018-08-12,6222.55,6472.3,6130.0,6308.33,38567.770712,0.055009602172742714
989,2018-08-11,6148.13,6488.0,5971.0,6232.35,47133.418555,0.08409060966505262
990,2018-08-10,6529.79,6575.88,6026.39,6144.01,59034.974902,0.08415125141849887
991,2018-08-09,6283.27,6622.81,6178.6,6529.79,51941.185111,0.07069726432255816
992,2018-08-08,6720.63,6721.54,6123.0,6285.0,59550.536319,0.08906010299629648
993,2018-08-07,6935.0,7150.46,6670.0,6720.06,45438.473501,0.06928046142754146
994,2018-08-06,7024.19,7160.0,6821.0,6934.82,32760.191643,0.0482617924629032
995,2018-08-05,7009.84,7089.87,6882.29,7024.19,32894.849782,0.029612658776805165
996,2018-08-04,7412.27,7494.81,6926.0,7009.84,36288.42601,0.0767389747000582
997,2018-08-03,7525.71,7540.0,7282.44,7418.78,44669.486047,0.03422401341534558
998,2018-08-02,7600.08,7709.46,7455.72,7525.71,37665.696684,0.03338649066851925
999,2018-08-01,7735.67,7750.0,7430.0,7604.58,42582.312932,0.04136681114887269
